Date,Target,Predictions,Probabilities
2016-09-01,1,1,0.5580185423259935
2016-09-02,1,1,0.5510134701752556
2016-09-06,1,1,0.5026673260786736
2016-09-07,1,1,0.4742734411833781
2016-09-08,1,1,0.46047350671331905
2016-09-09,1,1,0.5062009054163614
2016-09-12,1,1,0.3771431987336482
2016-09-13,1,0,0.3666316348516275
2016-09-14,1,1,0.4240781998767263
2016-09-15,1,1,0.39250903461107706
2016-09-16,1,1,0.3945213278197731
2016-09-19,1,1,0.4113917109241252
2016-09-20,1,1,0.4837785622785617
2016-09-21,1,1,0.48893834696617766
2016-09-22,1,1,0.4630842944162894
2016-09-23,1,1,0.5920643910257991
2016-09-26,1,1,0.5948851500484734
2016-09-27,1,1,0.5641324998850283
2016-09-28,1,1,0.5598661240365918
2016-09-29,1,1,0.5934082493421624
2016-09-30,1,1,0.6001613256799032
2016-10-03,1,1,0.6147839986832677
2016-10-04,1,1,0.6140582976976547
2016-10-05,1,1,0.618439025706263
2016-10-06,1,1,0.6610445818314791
2016-10-07,1,1,0.672154225348735
2016-10-10,1,1,0.6778955674016276
2016-10-11,1,1,0.6668305182209792
2016-10-12,1,1,0.6456254355934354
2016-10-13,1,1,0.6519968600998417
2016-10-14,1,1,0.6669082515975984
2016-10-17,1,1,0.6568927193742198
2016-10-18,1,1,0.6677221338555346
2016-10-19,1,1,0.6571839185953705
2016-10-20,1,1,0.6518548096720049
2016-10-21,1,1,0.619673040186573
2016-10-24,1,1,0.611930539034892
2016-10-25,1,1,0.6194814764010798
2016-10-26,1,1,0.6162580277308418
2016-10-27,1,1,0.6180662593287534
2016-10-28,1,1,0.6324126185193513
2016-10-31,1,1,0.6289314602881537
2016-11-01,1,1,0.6203203957261668
2016-11-02,1,1,0.6300703737109008
2016-11-03,1,1,0.6395828950607536
2016-11-04,1,1,0.6383295518207153
2016-11-07,1,1,0.6312347261049608
2016-11-08,1,1,0.6279562303226218
2016-11-09,1,1,0.6351315728122123
2016-11-10,1,1,0.6216547055510285
2016-11-11,1,1,0.6136642943454508
2016-11-14,1,1,0.5864516675226159
2016-11-15,1,1,0.5453512123688172
2016-11-16,1,1,0.5491525159403877
2016-11-17,1,1,0.5310127247196655
2016-11-18,1,1,0.5753739112461239
2016-11-21,1,1,0.5525241212992787
2016-11-22,1,1,0.5648980655183903
2016-11-23,1,1,0.5942202271033165
2016-11-25,1,1,0.5858011932405612
2016-11-28,1,1,0.5784252717397683
2016-11-29,1,1,0.5933677774836299
2016-11-30,1,1,0.6120378809463357
2016-12-01,1,1,0.5654247324566232
2016-12-02,1,1,0.5808128535330908
2016-12-05,1,1,0.5767321467643973
2016-12-06,1,1,0.5451582875035161
2016-12-07,1,1,0.5846305975717008
2016-12-08,1,1,0.6028024167401981
2016-12-09,1,1,0.5403107877551638
2016-12-12,1,1,0.5310794169536965
2016-12-13,1,1,0.48471120871129436
2016-12-14,1,1,0.4465955352634643
2016-12-15,1,1,0.4584036600503884
2016-12-16,1,1,0.4522650968491153
2016-12-19,1,1,0.4236808274793117
2016-12-20,1,1,0.4207875319698687
2016-12-21,1,1,0.40305142835610874
2016-12-22,1,0,0.3733140004480761
2016-12-23,1,0,0.3539689715061857
2016-12-27,1,0,0.3440080660354874
2016-12-28,1,0,0.327763328031498
2016-12-29,1,0,0.3240702382740032
2016-12-30,1,0,0.32895046510027526
2017-01-03,1,0,0.3253094077669477
2017-01-04,1,0,0.3560902429629242
2017-01-05,1,1,0.4089011196451757
2017-01-06,1,1,0.39902539960962535
2017-01-09,1,1,0.42000046479344383
2017-01-10,1,1,0.4433310602288646
2017-01-11,1,1,0.545917735543116
2017-01-12,1,1,0.5519468308743921
2017-01-13,1,1,0.5686185260654743
2017-01-17,1,1,0.5689314202149056
2017-01-18,1,1,0.5526303912869521
2017-01-19,1,1,0.556233843001881
2017-01-20,1,1,0.5615521333515726
2017-01-23,1,1,0.5907916922612663
2017-01-24,1,1,0.6374842019899564
2017-01-25,1,1,0.6368967817672457
2017-01-26,1,1,0.6356019884888594
2017-01-27,1,1,0.6366335294996547
2017-01-30,1,1,0.6287613337947165
2017-01-31,1,1,0.6250349889970278
2017-02-01,1,1,0.6093230164670417
2017-02-02,1,1,0.605173872063588
2017-02-03,1,1,0.6053676395029054
2017-02-06,1,1,0.6098851387989409
2017-02-07,1,1,0.6063859916236977
2017-02-08,1,1,0.5990561887467859
2017-02-09,1,1,0.5991738143069122
2017-02-10,1,1,0.5963857820047604
2017-02-13,1,1,0.6059754756674136
2017-02-14,1,1,0.6162871125306494
2017-02-15,1,1,0.6216964015804763
2017-02-16,1,1,0.6323815605676973
2017-02-17,1,1,0.6385460206111387
2017-02-21,1,1,0.647406584562456
2017-02-22,1,1,0.6478984549154274
2017-02-23,1,1,0.6347665599836118
2017-02-24,1,1,0.6348373248077617
2017-02-27,1,1,0.6296729607137976
2017-02-28,1,1,0.6086399464743113
2017-03-01,1,1,0.6151123729583671
2017-03-02,1,1,0.5958702945877105
2017-03-03,1,1,0.5891865257361536
2017-03-06,1,1,0.5878874766467928
2017-03-07,1,1,0.5901645860394578
2017-03-08,1,1,0.5936113909484881
2017-03-09,1,1,0.5876296929037294
2017-03-10,1,1,0.5841588998497679
2017-03-13,1,1,0.5794050540818351
2017-03-14,1,1,0.5713543668663658
2017-03-15,1,1,0.5899653442467313
2017-03-16,1,1,0.6019092639269132
2017-03-17,1,1,0.61922947342491
2017-03-20,1,1,0.6203349937497697
2017-03-21,1,1,0.6218887282915198
2017-03-22,1,1,0.6354396533108086
2017-03-23,1,1,0.6336246872054295
2017-03-24,1,1,0.6443579733716194
2017-03-27,1,1,0.6511277886995659
2017-03-28,1,1,0.6544505478074306
2017-03-29,1,1,0.6579665662858611
2017-03-30,1,1,0.6614348712544382
2017-03-31,1,1,0.6599024301396434
2017-04-03,1,1,0.664679192180486
2017-04-04,1,1,0.6665755713568063
2017-04-05,1,1,0.6684040632620609
2017-04-06,1,1,0.6688008784920919
2017-04-07,1,1,0.6722090506742142
2017-04-10,1,1,0.6712535772926514
2017-04-11,1,1,0.6657636652459995
2017-04-12,1,1,0.6512143285779847
2017-04-13,1,1,0.6416199471911119
2017-04-17,1,1,0.6489136670813243
2017-04-18,1,1,0.6415986286905062
2017-04-19,1,1,0.6280610848474474
2017-04-20,1,1,0.6381593959197005
2017-04-21,1,1,0.6425802037419096
2017-04-24,1,1,0.6298026110258776
2017-04-25,1,1,0.6360872598671902
2017-04-26,1,1,0.6364023065365193
2017-04-27,1,1,0.6177054177066311
2017-04-28,1,1,0.6016232524609012
2017-05-01,1,1,0.5934645495044962
2017-05-02,1,1,0.5738991572171991
2017-05-03,1,1,0.5369230078772337
2017-05-04,1,1,0.5225260484909137
2017-05-05,1,1,0.518504125119155
2017-05-08,1,1,0.5315682587148018
2017-05-09,1,1,0.49380840791652597
2017-05-10,1,1,0.4524047246832502
2017-05-11,1,1,0.4853419130362133
2017-05-12,1,1,0.5125692160467855
2017-05-15,1,1,0.5281318881847866
2017-05-16,1,1,0.5270960604112827
2017-05-17,1,1,0.534243746484102
2017-05-18,1,1,0.541078510444793
2017-05-19,1,1,0.5421757333804894
2017-05-22,1,0,0.36440338097987135
2017-05-23,1,0,0.3609321792973413
2017-05-24,1,0,0.43201067202060206
2017-05-25,1,1,0.5024498805470423
2017-05-26,1,1,0.5420058121167669
2017-05-30,1,1,0.5398425836932791
2017-05-31,1,1,0.5759400863002948
2017-06-01,1,1,0.5838685356260828
2017-06-02,1,1,0.5253028418388701
2017-06-05,1,1,0.5144947795370082
2017-06-06,1,1,0.5186801647911984
2017-06-07,1,0,0.47031595749835664
2017-06-08,1,1,0.4782768581441801
2017-06-09,1,0,0.4741708548178707
2017-06-12,1,0,0.45964425548597954
2017-06-13,1,1,0.48789780435815844
2017-06-14,1,1,0.47830421102562093
2017-06-15,1,0,0.4584316816577785
2017-06-16,1,0,0.447864812276262
2017-06-19,1,0,0.45273562359147457
2017-06-20,1,1,0.485930951365374
2017-06-21,1,1,0.4844850676469179
2017-06-22,1,1,0.4862365934535986
2017-06-23,1,1,0.5101410648036204
2017-06-26,1,1,0.49677468679380965
2017-06-27,1,1,0.4924582342244872
2017-06-28,1,1,0.5251815833575691
2017-06-29,1,1,0.5205359766326106
2017-06-30,1,1,0.5264939802249194
2017-07-03,1,1,0.5242986829118621
2017-07-05,1,1,0.5674951627184509
2017-07-06,1,1,0.5571895573641371
2017-07-07,1,1,0.5923075600561718
2017-07-10,1,1,0.6298819731010336
2017-07-11,1,1,0.6405126367122181
2017-07-12,1,1,0.6170551059162798
2017-07-13,1,1,0.5591029831169816
2017-07-14,1,1,0.5471202066617878
2017-07-17,1,1,0.5702042948592922
2017-07-18,1,1,0.5719554015085018
2017-07-19,1,1,0.5466213847812031
2017-07-20,1,1,0.5163019411455988
2017-07-21,1,0,0.4601730162256719
2017-07-24,1,0,0.4340666038904233
2017-07-25,1,0,0.4055122786814105
2017-07-26,1,0,0.4091829659697326
2017-07-27,1,0,0.42268746049287115
2017-07-28,1,0,0.420972369852723
2017-07-31,1,0,0.4053356456954554
2017-08-01,1,0,0.40190220958570305
2017-08-02,1,0,0.3928549074569665
2017-08-03,1,0,0.4112654943784163
2017-08-04,1,0,0.396410441965411
2017-08-07,1,0,0.40790971988429786
2017-08-08,1,0,0.3727224724706853
2017-08-09,1,0,0.3609390651162896
2017-08-10,1,0,0.3890428565011785
2017-08-11,1,0,0.3983840545604727
2017-08-14,1,0,0.41519647863436787
2017-08-15,1,1,0.47937158009286374
2017-08-16,1,1,0.5171268837580083
2017-08-17,1,1,0.5258540960381777
2017-08-18,1,1,0.5700445974742077
2017-08-21,1,1,0.581559936289411
2017-08-22,1,1,0.6063102506430077
2017-08-23,1,1,0.6022309878494986
2017-08-24,1,1,0.6208902286456994
2017-08-25,1,1,0.6387192012911003
2017-08-28,1,1,0.6478544604289325
2017-08-29,1,1,0.6659944353330053
2017-08-30,1,1,0.681001115299693
2017-08-31,1,1,0.6500215930711714
2017-09-01,1,1,0.6665262555913027
2017-09-05,1,1,0.6808506594086852
2017-09-06,1,1,0.6630594984723908
2017-09-07,1,1,0.6549275156902081
2017-09-08,1,1,0.6715983348253276
2017-09-11,1,1,0.6614578614425376
2017-09-12,1,1,0.6549780589796599
2017-09-13,1,1,0.6349233678373337
2017-09-14,1,1,0.6250269213701535
2017-09-15,1,1,0.6048749021602549
2017-09-18,1,1,0.5850248665673222
2017-09-19,1,1,0.5483550485489198
2017-09-20,1,1,0.5384126887144279
2017-09-21,1,1,0.5649309201420526
2017-09-22,1,1,0.5551265913064937
2017-09-25,1,1,0.5113344228283901
2017-09-26,1,1,0.5008376573775791
2017-09-27,1,1,0.49334375326448116
2017-09-28,1,1,0.4684724722150656
2017-09-29,1,1,0.5315208918908011
2017-10-02,1,1,0.563661170138395
2017-10-03,1,1,0.5459946482944552
2017-10-04,1,1,0.6199234091325629
2017-10-05,1,1,0.6025007322666408
2017-10-06,1,1,0.5820108453881745
2017-10-09,1,1,0.5875709435327492
2017-10-10,1,1,0.6085442008017057
2017-10-11,1,1,0.6058987286134089
2017-10-12,1,1,0.5708937894751622
2017-10-13,1,1,0.5046132462193417
2017-10-16,1,1,0.4637044991873103
2017-10-17,1,0,0.4447547716430102
2017-10-18,1,1,0.4703779359374029
2017-10-19,1,1,0.46231007960913983
2017-10-20,1,0,0.41854445345357
2017-10-23,1,0,0.3974742973937296
2017-10-24,1,0,0.3638644766108488
2017-10-25,1,0,0.3590533066909915
2017-10-26,1,0,0.3297915372389143
2017-10-27,1,0,0.4166334814104084
2017-10-30,1,0,0.3837275664995003
2017-10-31,1,0,0.37014389125661357
2017-11-01,1,0,0.37585181514809163
2017-11-02,1,0,0.3696439199015393
2017-11-03,1,0,0.37638479830231053
2017-11-06,1,0,0.3644497318790257
2017-11-07,1,0,0.37546692842434604
2017-11-08,1,0,0.3840881015548942
2017-11-09,1,0,0.4104361960508024
2017-11-10,1,0,0.38551574966528057
2017-11-13,1,0,0.3891405852667457
2017-11-14,1,0,0.3828961380843459
2017-11-15,1,0,0.4291040311561479
2017-11-16,1,0,0.44509570902991763
2017-11-17,1,1,0.4644927072109778
2017-11-20,1,1,0.5192124418744709
2017-11-21,1,1,0.5459140107029326
2017-11-22,1,1,0.5633027862578859
2017-11-24,1,1,0.5400795762143238
2017-11-27,1,1,0.45949968383421086
2017-11-28,1,1,0.5140061173992532
2017-11-29,1,1,0.5070966886947044
2017-11-30,1,1,0.5383952414179426
2017-12-01,1,1,0.525989909205119
2017-12-04,1,1,0.5318246469874691
2017-12-05,1,1,0.5569346601215979
2017-12-06,1,1,0.5982132469573395
2017-12-07,1,1,0.6022968610510184
2017-12-08,1,1,0.6722014386907437
2017-12-11,1,1,0.6784278383224552
2017-12-12,1,1,0.6633350794519788
2017-12-13,1,1,0.6536189645571808
2017-12-14,1,1,0.6701183095062938
2017-12-15,1,1,0.6103856924720548
2017-12-18,1,1,0.6224497635739781
2017-12-19,1,1,0.630689923245531
2017-12-20,1,1,0.6287206631510771
2017-12-21,1,1,0.6087859126939694
2017-12-22,1,1,0.6190422412665966
2017-12-26,1,1,0.6301415810476553
2017-12-27,1,1,0.6281163767002846
2017-12-28,1,1,0.630955423997347
2017-12-29,1,1,0.6404935156757514
2018-01-02,1,1,0.6226848442713622
2018-01-03,1,1,0.5913063146492329
2018-01-04,1,1,0.6046995388963257
2018-01-05,1,1,0.6078827686195013
2018-01-08,1,1,0.5838028102716911
2018-01-09,1,1,0.569871700257015
2018-01-10,1,1,0.5668194028218747
2018-01-11,1,1,0.5736679614612337
2018-01-12,1,1,0.5581328063590263
2018-01-16,1,1,0.5476445228372756
2018-01-17,1,1,0.4977341977329482
2018-01-18,1,1,0.4914688684259026
2018-01-19,1,1,0.49375610877603904
2018-01-22,1,1,0.4776817664827595
2018-01-23,1,1,0.45474087751576997
2018-01-24,1,0,0.424387389649977
2018-01-25,1,0,0.405180532139883
2018-01-26,1,0,0.39011896185517664
2018-01-29,1,0,0.3842288940222907
2018-01-30,1,0,0.37817154058286595
2018-01-31,1,0,0.3730702950495867
2018-02-01,1,0,0.37184516886701
2018-02-02,1,0,0.38110729739832866
2018-02-05,1,1,0.4957399223533367
2018-02-06,1,1,0.46103986270912783
2018-02-07,1,1,0.5733416450630895
2018-02-08,1,1,0.450949169393297
2018-02-09,1,1,0.5910285074721671
2018-02-12,1,1,0.48315275743092806
2018-02-13,1,1,0.47360408667057624
2018-02-14,1,1,0.46645089597345457
2018-02-15,1,1,0.4494943638011526
2018-02-16,1,1,0.41167748880215443
2018-02-20,1,1,0.43597577534020876
2018-02-21,1,1,0.4340332412707152
2018-02-22,1,1,0.40051809995721155
2018-02-23,1,1,0.4411486879824147
2018-02-26,1,1,0.4395587930030877
2018-02-27,1,1,0.42851660961423066
2018-02-28,1,1,0.42777091862981514
2018-03-01,1,1,0.49684792882575907
2018-03-02,1,1,0.46514037288686905
2018-03-05,1,1,0.4776867707528233
2018-03-06,1,1,0.43695572767738616
2018-03-07,1,1,0.5606822778466323
2018-03-08,1,1,0.5640272973973707
2018-03-09,1,1,0.45824034832270716
2018-03-12,1,1,0.45606581119325357
2018-03-13,1,1,0.47192384655637354
2018-03-14,1,1,0.49128275884865535
2018-03-15,1,1,0.4837836823533018
2018-03-16,1,1,0.4691447898875278
2018-03-19,1,1,0.45788750150976376
2018-03-20,1,1,0.4999335970497475
2018-03-21,1,1,0.516529759684561
2018-03-22,1,1,0.5540960631576594
2018-03-23,1,1,0.5156584404713467
2018-03-26,1,1,0.6006174352459567
2018-03-27,1,1,0.5442156614441568
2018-03-28,1,1,0.5534764782807018
2018-03-29,1,1,0.6044385452250403
2018-04-02,1,1,0.5529003562809915
2018-04-03,1,1,0.554927839187836
2018-04-04,1,1,0.6716485032073989
2018-04-05,1,1,0.5598813783081955
2018-04-06,1,1,0.6517341766378444
2018-04-09,1,1,0.5634951151896301
2018-04-10,1,1,0.6093059533576688
2018-04-11,1,1,0.6957882272442523
2018-04-12,1,1,0.648616213092359
2018-04-13,1,1,0.6871090375418367
2018-04-16,1,1,0.6169825171726531
2018-04-17,1,1,0.5932847595135609
2018-04-18,1,1,0.5670526274853743
2018-04-19,1,1,0.4800756545084014
2018-04-20,1,1,0.4866391896207637
2018-04-23,1,1,0.5098209052253447
2018-04-24,1,1,0.46202601882581373
2018-04-25,1,1,0.4990242451141224
2018-04-26,1,1,0.48718196938414243
2018-04-27,1,1,0.5046533109436574
2018-04-30,1,1,0.5237658528319847
2018-05-01,1,1,0.5083485805521771
2018-05-02,1,1,0.46689682830096885
2018-05-03,1,1,0.4809391469703407
2018-05-04,1,1,0.5384643055478469
2018-05-07,1,1,0.5139429679957922
2018-05-08,1,1,0.516826677819033
2018-05-09,1,1,0.5309784365096288
2018-05-10,1,1,0.5232178359874131
2018-05-11,1,1,0.5139611288557581
2018-05-14,1,1,0.5145331299245747
2018-05-15,1,1,0.5541478571195224
2018-05-16,1,1,0.5410717953102997
2018-05-17,1,1,0.5375976945812965
2018-05-18,1,1,0.5652109484836965
2018-05-21,1,1,0.5377353478240974
2018-05-22,1,1,0.5429801410160765
2018-05-23,1,1,0.5590656980296776
2018-05-24,1,1,0.520759228119213
2018-05-25,1,1,0.5142873882527058
2018-05-29,1,1,0.4609401925933683
2018-05-30,1,1,0.48278973475351755
2018-05-31,1,1,0.46383721531811495
2018-06-01,1,1,0.4324660883555997
2018-06-04,1,1,0.4318774068092272
2018-06-05,1,1,0.42989039278717633
2018-06-06,1,1,0.4265308417779726
2018-06-07,1,1,0.4927681049556001
2018-06-08,1,1,0.4522322979008626
2018-06-11,1,1,0.4648979446294661
2018-06-12,1,1,0.47001544424822994
2018-06-13,1,1,0.472411292580775
2018-06-14,1,1,0.5011594581644108
2018-06-15,1,1,0.4216327480504833
2018-06-18,1,0,0.3574774328508442
2018-06-19,1,0,0.34892956951449905
2018-06-20,1,1,0.38468356009033167
2018-06-21,1,0,0.32816996095346934
2018-06-22,1,0,0.2777308971385778
2018-06-25,1,1,0.3931355710628864
2018-06-26,1,1,0.76656226440498
2018-06-27,1,1,0.6301567394241021
2018-06-28,1,1,0.7371542638862038
2018-06-29,1,1,0.6519766407399293
2018-07-02,1,1,0.8184322223270903
2018-07-03,1,1,0.4211673877436993
2018-07-05,1,1,0.4236880516308759
2018-07-06,1,1,0.4782369360930974
2018-07-09,1,1,0.5990848553918364
2018-07-10,1,1,0.5991521132067719
2018-07-11,1,1,0.5412735158218364
2018-07-12,1,1,0.545640258307013
2018-07-13,1,1,0.5688985504461215
2018-07-16,0,1,0.49709387371590885
2018-07-17,0,1,0.4425631997819129
2018-07-18,0,1,0.43758455133589735
2018-07-19,1,1,0.6595719819592368
2018-07-20,1,1,0.7408359485576745
2018-07-23,1,1,0.7444617415381207
2018-07-24,1,1,0.7097739439170377
2018-07-25,1,1,0.8721203156451236
2018-07-26,1,1,0.8618907507685555
2018-07-27,1,1,0.900551508605405
2018-07-30,1,1,0.8769662405383495
2018-07-31,0,1,0.8791382884312592
2018-08-01,1,1,0.8747147953057894
2018-08-02,1,1,0.8902755662413018
2018-08-03,1,1,0.8699179038849162
2018-08-06,1,1,0.8756155022409884
2018-08-07,0,1,0.9172988829742963
2018-08-08,0,1,0.9192585027646749
2018-08-09,0,1,0.906436575546322
2018-08-10,0,1,0.9229437194211332
2018-08-13,0,1,0.9211295735074103
2018-08-14,0,1,0.9284150616331575
2018-08-15,0,1,0.9262130461153391
2018-08-16,0,1,0.8731834970805807
2018-08-17,0,1,0.8619762091111406
2018-08-20,0,1,0.9156166621415687
2018-08-21,0,1,0.7175065267842072
2018-08-22,0,1,0.7145893647651884
2018-08-23,0,1,0.7922869899967971
2018-08-24,0,1,0.7290775226378854
2018-08-27,0,1,0.6505955312307998
2018-08-28,0,1,0.6810169560223301
2018-08-29,0,1,0.8696976945106634
2018-08-30,0,1,0.7618716044057733
2018-08-31,0,1,0.8029856699763228
2018-09-04,0,1,0.8584072747890046
2018-09-05,0,1,0.8223623368490182
2018-09-06,0,1,0.7786590374887159
2018-09-07,0,1,0.6930114486739919
2018-09-10,0,1,0.7913241317912256
2018-09-11,0,1,0.8744696829776408
2018-09-12,0,1,0.8751003511839672
2018-09-13,0,1,0.8944655214431925
2018-09-14,0,1,0.8754458291183872
2018-09-17,0,1,0.8845847963660898
2018-09-18,0,1,0.9103836296200654
2018-09-19,0,1,0.9296659222774711
2018-09-20,0,1,0.9089924985549391
2018-09-21,0,1,0.9092733484839975
2018-09-24,0,1,0.8587347853925346
2018-09-25,0,1,0.9071591099242701
2018-09-26,0,1,0.8356632530181929
2018-09-27,0,1,0.8881975894702603
2018-09-28,0,1,0.910984472679025
2018-10-01,0,1,0.8988523340724592
2018-10-02,0,1,0.9202626788217881
2018-10-03,0,1,0.8389474377544415
2018-10-04,0,1,0.8860776935575496
2018-10-05,0,1,0.8423193794962154
2018-10-08,0,1,0.8928091444971695
2018-10-09,0,1,0.8678819859026978
2018-10-10,1,1,0.6444148282120344
2018-10-11,1,1,0.5930241019517972
2018-10-12,1,1,0.6204468036665708
2018-10-15,1,1,0.5010011800751228
2018-10-16,1,1,0.4470140717041912
2018-10-17,1,1,0.4844369738110535
2018-10-18,1,1,0.42313120234245055
2018-10-19,1,1,0.4123286706151368
2018-10-22,1,1,0.3941785898636307
2018-10-23,1,1,0.48281085777146543
2018-10-24,1,1,0.4307685461933833
2018-10-25,1,1,0.423048781753306
2018-10-26,1,1,0.43109768243269436
2018-10-29,1,1,0.3988665765904235
2018-10-30,1,1,0.4140829562932733
2018-10-31,1,1,0.3887918861740757
2018-11-01,1,1,0.3881020488605019
2018-11-02,1,1,0.38721590880281
2018-11-05,1,1,0.4240735974004222
2018-11-06,1,1,0.5070189789379231
2018-11-07,1,1,0.5716932576311679
2018-11-08,1,1,0.5192980997507197
2018-11-09,1,1,0.5105411742093134
2018-11-12,1,1,0.525732495327209
2018-11-13,1,1,0.4406191537838248
2018-11-14,1,1,0.42998282473053845
2018-11-15,1,1,0.45703179400885136
2018-11-16,1,1,0.4755009707380645
2018-11-19,1,1,0.4614825073467315
2018-11-20,1,1,0.40326063163887493
2018-11-21,1,1,0.4909661707357021
2018-11-23,1,1,0.48196358919856624
2018-11-26,1,1,0.6201485757513729
2018-11-27,1,1,0.5760833281489718
2018-11-28,1,1,0.6753434335055866
2018-11-29,1,1,0.6167320464969572
2018-11-30,1,1,0.6645247723100967
2018-12-03,1,1,0.6595620026362516
2018-12-04,1,1,0.6824140263694985
2018-12-06,1,1,0.6718801672333948
2018-12-07,1,1,0.6778319701622475
2018-12-10,1,1,0.6428680327949233
2018-12-11,1,1,0.6596552958969076
2018-12-12,1,1,0.6717026758367511
2018-12-13,1,1,0.67417691947229
2018-12-14,1,1,0.6431870500972376
2018-12-17,1,1,0.6526620270071759
2018-12-18,1,1,0.6797646138354773
2018-12-19,1,1,0.666344034472047
2018-12-20,1,1,0.6589502592389951
2018-12-21,1,1,0.6768914861350532
2018-12-24,1,1,0.5812724917434219
2018-12-26,1,1,0.5978073427912837
2018-12-27,1,1,0.5727316483321905
2018-12-28,1,1,0.5502683078426012
2018-12-31,1,1,0.5773844125300748
2019-01-02,1,1,0.5752942335108877
2019-01-03,1,1,0.6396386540244625
2019-01-04,1,1,0.6458722582361297
2019-01-07,1,1,0.6998699500046968
2019-01-08,1,1,0.7286712909186379
2019-01-09,1,1,0.721182588731031
2019-01-10,1,1,0.7133273725123711
2019-01-11,1,1,0.6946590627157765
2019-01-14,1,1,0.6622418355630835
2019-01-15,1,1,0.7129926251308316
2019-01-16,1,1,0.7001090587202382
2019-01-17,1,1,0.6954669066424706
2019-01-18,1,1,0.6866769060749881
2019-01-22,1,1,0.6719411373160662
2019-01-23,1,1,0.6859829888801963
2019-01-24,1,1,0.6566976983490633
2019-01-25,1,1,0.6611836194525035
2019-01-28,1,1,0.6368865187788113
2019-01-29,1,1,0.7067080454032745
2019-01-30,1,1,0.6387500729542063
2019-01-31,1,1,0.7055342473892879
2019-02-01,1,1,0.6977556454150725
2019-02-04,1,1,0.7164106371187811
2019-02-05,1,1,0.7135758516020371
2019-02-06,1,1,0.7184707999626168
2019-02-07,1,1,0.7182344746162136
2019-02-08,1,1,0.7165100278082102
2019-02-11,1,1,0.7163606760702079
2019-02-12,1,1,0.7127176066673973
2019-02-13,1,1,0.6791691686016184
2019-02-14,1,1,0.7082387879955387
2019-02-15,1,1,0.7172430776710097
2019-02-19,1,1,0.6891541057063238
2019-02-20,1,1,0.6575743182987863
2019-02-21,1,1,0.7189084618068041
2019-02-22,1,1,0.722368761206445
2019-02-25,1,1,0.7141561956991824
2019-02-26,1,1,0.7037978474004409
2019-02-27,1,1,0.6494920159045968
2019-02-28,1,1,0.5843054618001946
2019-03-01,1,1,0.580671310848481
2019-03-04,1,1,0.4861447594194268
2019-03-05,1,1,0.5002309586534958
2019-03-06,1,1,0.4989279244614984
2019-03-07,1,1,0.8206206189059236
2019-03-08,1,1,0.8241152914612953
2019-03-11,1,1,0.8249753819186149
2019-03-12,1,1,0.8562908643834827
2019-03-13,1,1,0.8795585406533543
2019-03-14,1,1,0.857390694343391
2019-03-15,1,1,0.8249104939725215
2019-03-18,1,1,0.8536770850737234
2019-03-19,1,1,0.8320576761639035
2019-03-20,1,1,0.8709284335027753
2019-03-21,1,1,0.8554073726070114
2019-03-22,1,1,0.8388020511426522
2019-03-25,1,1,0.8264575903728485
2019-03-26,1,1,0.8098880663710452
2019-03-27,1,1,0.8536571278008801
2019-03-28,1,1,0.8203838727497541
2019-03-29,1,1,0.8655896654571695
2019-04-01,1,1,0.8231958360091756
2019-04-02,1,1,0.8500985505329245
2019-04-03,1,1,0.8659876190728623
2019-04-04,1,1,0.6142922542805704
2019-04-05,1,0,0.4175189858235706
2019-04-08,1,0,0.3976253224120304
2019-04-09,1,0,0.2613211845126249
2019-04-10,1,0,0.2622801363293602
2019-04-11,1,0,0.24178426342182513
2019-04-12,1,0,0.29771457993422534
2019-04-15,1,0,0.2859700594385551
2019-04-16,1,0,0.35942195400672405
2019-04-17,1,0,0.32377490138941295
2019-04-18,1,0,0.22931267652791126
2019-04-22,1,0,0.2574539242854632
2019-04-23,1,0,0.34375215834094375
2019-04-24,1,0,0.3543048519652618
2019-04-25,1,0,0.2844489758105048
2019-04-26,1,0,0.2323149781397142
2019-04-29,1,0,0.24828312672637648
2019-04-30,1,0,0.2509116803343927
2019-05-01,1,0,0.2542495575847656
2019-05-02,1,0,0.25055133015421827
2019-05-03,1,0,0.2714553097224078
2019-05-06,1,0,0.2793103139797335
2019-05-07,1,0,0.2582962759895666
2019-05-08,1,0,0.25750468390975373
2019-05-09,1,0,0.279363900411555
2019-05-10,1,0,0.24724834033656412
2019-05-13,1,0,0.20371299768157622
2019-05-14,1,0,0.19797324316967937
2019-05-15,1,0,0.20164124398571698
2019-05-16,1,0,0.21280604297806374
2019-05-17,1,0,0.18187302102914377
2019-05-20,1,0,0.16413643158623828
2019-05-21,1,0,0.20334523486983103
2019-05-22,1,0,0.17387064250472103
2019-05-23,1,0,0.1777555851296357
2019-05-24,1,0,0.14050680237466068
2019-05-28,1,0,0.2024142017163406
2019-05-29,1,0,0.16493676668839408
2019-05-30,1,0,0.32690359153431553
2019-05-31,1,0,0.19066872685570738
2019-06-03,1,0,0.1861710488861365
2019-06-04,1,0,0.15704465938725762
2019-06-05,1,0,0.16608657607899974
2019-06-06,1,0,0.15612746030611813
2019-06-07,1,0,0.1795218572577101
2019-06-10,1,0,0.19781376844554124
2019-06-11,1,0,0.16055911874611492
2019-06-12,1,0,0.24202026166792845
2019-06-13,1,0,0.24656733621736157
2019-06-14,1,0,0.18907139622094193
2019-06-17,1,0,0.18283671401781623
2019-06-18,1,0,0.1736905333818198
2019-06-19,1,0,0.19586673538492688
2019-06-20,1,0,0.1833945884306239
2019-06-21,1,0,0.167516568684627
2019-06-24,1,0,0.20910581447335513
2019-06-25,1,0,0.27022860349624833
2019-06-26,1,1,0.6047443805828446
2019-06-27,1,1,0.6107241173063132
2019-06-28,1,1,0.6332331445106639
2019-07-01,1,1,0.8067272272397563
2019-07-02,1,1,0.709339744454256
2019-07-03,1,1,0.7082148327895432
2019-07-05,1,1,0.7950758868244804
2019-07-08,1,1,0.8131044034318806
2019-07-09,1,1,0.8227599720002778
2019-07-10,1,1,0.7019960085698645
2019-07-11,1,1,0.7298937008343428
2019-07-12,1,1,0.759891197678106
2019-07-15,1,1,0.6262451501631576
2019-07-16,1,1,0.8210419616294184
2019-07-17,1,1,0.7765579518264328
2019-07-18,1,1,0.7811291834170542
2019-07-19,1,1,0.6864239534807932
2019-07-22,1,1,0.7743444092112605
2019-07-23,1,1,0.7374987180382162
2019-07-24,1,1,0.8338634243794432
2019-07-25,1,1,0.7841328643486725
2019-07-26,1,1,0.7875359610386778
2019-07-29,1,1,0.7099477935865255
2019-07-30,1,1,0.6117212474641198
2019-07-31,1,1,0.5762045403782727
2019-08-01,1,1,0.6600158308498603
2019-08-02,1,0,0.3447639544135471
2019-08-05,1,0,0.4336122684318897
2019-08-06,1,0,0.3870343089309949
2019-08-07,1,0,0.44302097490055203
2019-08-08,1,0,0.3713473357644046
2019-08-09,1,0,0.35562825731662173
2019-08-12,1,0,0.3926791240593883
2019-08-13,1,0,0.30432486880025783
2019-08-14,1,0,0.2909393433445598
2019-08-15,1,0,0.3558234800116571
2019-08-16,1,0,0.23489927447152711
2019-08-19,1,0,0.28006307245863604
2019-08-20,1,0,0.2371361234966943
2019-08-21,1,0,0.2814258239219677
2019-08-22,1,0,0.3386711687854567
2019-08-23,1,1,0.5350561807953543
2019-08-26,1,1,0.6473726845074109
2019-08-27,1,1,0.6214671475769945
2019-08-28,1,1,0.6815909884193309
2019-08-29,1,1,0.7873754678340461
2019-08-30,1,1,0.8158668260579515
2019-09-03,1,1,0.7587137043698109
2019-09-04,1,1,0.7819337408285801
2019-09-05,1,1,0.6990306883553475
2019-09-06,1,1,0.5737843924221682
2019-09-09,1,1,0.682049664026558
2019-09-10,1,1,0.7743583211757555
2019-09-11,1,1,0.7921498027660547
2019-09-12,1,1,0.7831829366086317
2019-09-13,1,1,0.7785235237680802
2019-09-16,1,1,0.7808712401251626
2019-09-17,1,1,0.7803821589430922
2019-09-18,1,1,0.7910965308801934
2019-09-19,1,1,0.7807921695795285
2019-09-20,1,1,0.7811990211976141
2019-09-23,1,1,0.7927986019827036
2019-09-24,1,1,0.7984201922077236
2019-09-25,1,1,0.780258467342604
2019-09-26,1,1,0.7886721875161211
2019-09-27,1,1,0.7860383383198253
2019-09-30,1,1,0.7917699343737922
2019-10-01,1,1,0.8019086151742757
2019-10-02,1,1,0.795475932081236
2019-10-03,1,1,0.7856559838352519
2019-10-04,1,1,0.8179136042584528
2019-10-07,1,1,0.8117726207734384
2019-10-08,1,1,0.798003283397854
2019-10-09,1,1,0.8082892364634583
2019-10-10,1,1,0.7733094813964753
2019-10-11,1,1,0.788688366706447
2019-10-14,1,1,0.8000866965809114
2019-10-15,1,1,0.7644920283349523
2019-10-16,1,1,0.7966085324687596
2019-10-17,1,1,0.7970516439762366
2019-10-18,1,1,0.8085411862977022
2019-10-21,1,1,0.8024849195127829
2019-10-22,1,1,0.8199461166325971
2019-10-23,1,1,0.8128478163815442
2019-10-24,1,1,0.7949264928597239
2019-10-25,1,1,0.7852535865261263
2019-10-28,1,1,0.7835947821604208
2019-10-29,1,1,0.7403172737791786
2019-10-30,1,1,0.716678547207419
2019-10-31,0,1,0.72902930844651
2019-11-01,1,1,0.6818294322501086
2019-11-04,0,1,0.6999119033397045
2019-11-05,1,1,0.7029335225059697
2019-11-06,0,0,0.20954337254082725
2019-11-07,0,0,0.17351514650973887
2019-11-08,0,0,0.21278995630705355
2019-11-11,0,0,0.17213846382496004
2019-11-12,1,0,0.22622392548097225
2019-11-13,1,0,0.2819126668766239
2019-11-14,1,0,0.3141517326888354
2019-11-15,1,0,0.32834161154133956
2019-11-18,1,0,0.29654425647180505
2019-11-19,1,0,0.3035676439476192
2019-11-20,1,1,0.5021664629739184
2019-11-21,1,1,0.5296262886531351
2019-11-22,1,1,0.5528389603672498
2019-11-25,1,1,0.548380778098019
2019-11-26,1,1,0.5763696714520931
2019-11-27,1,1,0.580475940819386
2019-11-29,1,1,0.6397130688519717
2019-12-02,1,1,0.6955251405202271
2019-12-03,1,1,0.6170155536385511
2019-12-04,1,1,0.7101359750460559
2019-12-05,1,1,0.6779451134649337
2019-12-06,1,1,0.6717019875458202
2019-12-09,1,1,0.7018750379618877
2019-12-10,1,1,0.6909486123936812
2019-12-11,1,1,0.6616516075339876
2019-12-12,1,1,0.6060539121828382
2019-12-13,1,1,0.6059175268378041
2019-12-16,1,1,0.5970251204385726
2019-12-17,1,1,0.5742765853627806
2019-12-18,1,1,0.5273303719689558
2019-12-19,1,1,0.5335599422463786
2019-12-20,1,1,0.5602088993953577
2019-12-23,1,1,0.579764872098341
2019-12-24,1,1,0.5844268715715255
2019-12-26,1,1,0.5872657226732738
2019-12-27,1,1,0.6110464890049522
2019-12-30,1,1,0.5847456367527489
2019-12-31,1,1,0.5302526223717842
2020-01-02,1,1,0.5959617069464328
2020-01-03,1,1,0.5203680468758803
2020-01-06,1,1,0.5780746871576552
2020-01-07,1,1,0.5630036515060475
2020-01-08,1,1,0.4844519966916984
2020-01-09,1,1,0.49266541048479334
2020-01-10,1,1,0.4819834747314599
2020-01-13,1,1,0.4828163871515607
2020-01-14,1,1,0.4958444954313276
2020-01-15,1,1,0.4576530172981301
2020-01-16,1,0,0.4398966804187078
2020-01-17,1,0,0.4473518368299287
2020-01-21,1,1,0.46319343447340017
2020-01-22,1,1,0.45863817205800844
2020-01-23,1,1,0.4521589039555902
2020-01-24,1,0,0.44632360390530923
2020-01-27,1,1,0.4719481278017328
2020-01-28,1,0,0.3916744292325606
2020-01-29,1,0,0.4476262974048465
2020-01-30,1,1,0.46646409725065646
2020-01-31,1,0,0.41337268433080054
2020-02-03,1,0,0.4444071083916485
2020-02-04,1,1,0.4537070460250994
2020-02-05,1,1,0.4548352015087037
2020-02-06,1,1,0.4767113933926337
2020-02-07,1,1,0.4689585013494247
2020-02-10,1,1,0.4777560842284396
2020-02-11,1,1,0.46954591241957555
2020-02-12,1,1,0.4675366178735675
2020-02-13,1,1,0.4602975633577955
2020-02-14,1,1,0.4597542526851849
2020-02-18,1,1,0.4635440630298077
2020-02-19,1,0,0.44771205265791114
2020-02-20,1,0,0.37593404041810036
2020-02-21,1,0,0.35936023066663525
2020-02-24,1,0,0.44640262556825894
2020-02-25,1,1,0.5075767080685036
2020-02-26,1,1,0.5015212748254054
2020-02-27,1,1,0.5793797873607605
2020-02-28,1,1,0.5608675348813414
2020-03-02,1,1,0.5728690519031772
2020-03-03,1,1,0.5012492569305126
2020-03-04,1,1,0.5140624169639669
2020-03-05,1,1,0.4716587307690888
2020-03-06,1,0,0.44862035962677793
2020-03-09,1,0,0.4082515341313745
2020-03-10,1,0,0.4054980646922083
2020-03-11,1,0,0.3916330339420744
2020-03-12,1,0,0.44863044218671944
2020-03-13,1,1,0.5398076793897675
2020-03-16,1,1,0.6003780110643967
2020-03-17,1,1,0.5635696938557323
2020-03-18,1,1,0.5745365824875366
2020-03-19,1,1,0.573271293825045
2020-03-20,1,1,0.62116404298176
2020-03-23,1,1,0.6211322786532902
2020-03-24,1,1,0.5294538337507986
2020-03-25,1,1,0.5024742715419482
2020-03-26,1,1,0.5554030004744896
2020-03-27,1,1,0.5506614929924032
2020-03-30,1,1,0.5594393856622761
2020-03-31,1,1,0.5884494743537092
2020-04-01,1,1,0.5900882303605476
2020-04-02,1,1,0.5685805445708638
2020-04-03,1,1,0.5821301877126237
2020-04-06,1,1,0.5555740745070025
2020-04-07,1,1,0.5317526371651808
2020-04-08,1,1,0.6391885998334577
2020-04-09,1,1,0.6292203383430485
2020-04-13,1,1,0.6766303809651015
2020-04-14,1,1,0.6461628514386359
2020-04-15,1,1,0.6608165836186273
2020-04-16,1,1,0.6620654096580023
2020-04-17,1,1,0.6737810545016121
2020-04-20,1,1,0.7129499320877197
2020-04-21,1,1,0.7051026201968332
2020-04-22,1,1,0.7251576182219579
2020-04-23,1,1,0.7092595440500244
2020-04-24,1,1,0.7150798352572671
2020-04-27,1,1,0.6359377321498868
2020-04-28,1,1,0.5635351661873775
2020-04-29,1,1,0.5462544484441961
2020-04-30,1,1,0.5600752010397506
2020-05-01,1,1,0.5396668194663873
2020-05-04,1,1,0.5953993895674756
2020-05-05,1,1,0.5959864995223207
2020-05-06,1,1,0.5535726616782202
2020-05-07,1,1,0.5486430282987853
2020-05-08,1,1,0.5554383325062076
2020-05-11,1,1,0.5513566841768286
2020-05-12,1,1,0.5405253223892005
2020-05-13,1,1,0.5189229672905192
2020-05-14,1,1,0.5428632245917837
2020-05-15,1,1,0.5441994709112725
2020-05-18,1,1,0.5394292338377492
2020-05-19,1,1,0.5082629617875656
2020-05-20,1,1,0.4815311251877015
2020-05-21,1,1,0.5066407876323564
2020-05-22,1,1,0.5357659164734024
2020-05-26,1,1,0.505235555341977
2020-05-27,1,1,0.5064799541095456
2020-05-28,1,1,0.5166216632832831
2020-05-29,1,1,0.49943312986854627
2020-06-01,1,1,0.538608825494691
2020-06-02,1,1,0.5118796136486081
2020-06-03,1,1,0.5162774889746828
2020-06-04,1,1,0.5342356310498482
2020-06-05,1,1,0.5142779927242505
2020-06-08,1,1,0.5852942316174221
2020-06-09,1,1,0.5643633187525534
2020-06-10,1,1,0.6062555410933325
2020-06-11,1,1,0.5863026866801556
2020-06-12,1,1,0.5884070804341781
2020-06-15,1,1,0.5672868449161899
2020-06-16,1,1,0.6114962019965704
2020-06-17,1,1,0.529961828163703
2020-06-18,1,1,0.6047870889972373
2020-06-19,1,1,0.604679153936164
2020-06-22,1,1,0.6410445569049753
2020-06-23,1,1,0.624823471457354
2020-06-24,1,1,0.6513072969834068
2020-06-25,1,1,0.5588219338143063
2020-06-26,1,1,0.5879806813800674
2020-06-29,1,1,0.6555464444232076
2020-06-30,1,1,0.5119469106083052
2020-07-01,1,1,0.5339984314791968
2020-07-02,1,1,0.5750583333034315
2020-07-06,1,1,0.5113243013942077
2020-07-07,1,1,0.5656316825582272
2020-07-08,1,1,0.5459555969308563
2020-07-09,1,1,0.5529695718034792
2020-07-10,1,1,0.7048572662469107
2020-07-13,1,1,0.6470248598796008
2020-07-14,1,1,0.6876495489184803
2020-07-15,1,1,0.6347871616340335
2020-07-16,1,1,0.6594379149692776
2020-07-17,1,1,0.6315388954769848
2020-07-20,1,1,0.6309285657494301
2020-07-21,1,1,0.6835892310655142
2020-07-22,1,1,0.6721732610913514
2020-07-23,1,1,0.6290042269167501
2020-07-24,1,1,0.6447674140138648
2020-07-27,1,1,0.5724763757448615
2020-07-28,1,1,0.6221116242751639
2020-07-29,1,1,0.6085670454777822
2020-07-30,1,1,0.5988465839730812
2020-07-31,1,1,0.6127851777989625
2020-08-03,0,1,0.5504866337788012
2020-08-04,0,1,0.5901772829461911
2020-08-05,1,1,0.5979669892642051
2020-08-06,0,1,0.46623790551105887
2020-08-07,1,0,0.4399273787032414
2020-08-10,1,1,0.5465429589298503
2020-08-11,1,1,0.635655873611164
2020-08-12,1,1,0.5249242774484754
2020-08-13,1,1,0.5035838096906107
2020-08-14,1,1,0.6325539016546237
2020-08-17,1,1,0.697939200576488
2020-08-18,1,1,0.7352248218407355
2020-08-19,1,1,0.7290460066550157
2020-08-20,1,1,0.7627332630146383
2020-08-21,1,1,0.6325141159252314
2020-08-24,1,1,0.6547465187399092
2020-08-25,1,1,0.6483661389990442
2020-08-26,0,1,0.707269814728934
2020-08-27,0,1,0.6822327841632931
2020-08-28,0,1,0.7354898173901381
2020-08-31,0,1,0.8227213585600555
2020-09-01,0,1,0.8053305247352142
2020-09-02,0,1,0.7828596921527874
2020-09-03,0,1,0.7015883885344182
2020-09-04,0,1,0.7474599091429955
2020-09-08,1,1,0.6775678422522876
2020-09-09,1,1,0.7048518680132125
2020-09-10,1,1,0.6790941598283138
2020-09-11,1,1,0.6462057326528753
2020-09-14,1,1,0.5901398506971216
2020-09-15,1,1,0.6031861196194892
2020-09-16,1,1,0.5337360065485124
2020-09-17,1,1,0.4873957571793074
2020-09-18,1,1,0.49910797253339084
2020-09-21,1,1,0.5098492054692714
2020-09-22,1,1,0.524450752829462
2020-09-23,1,1,0.5331085434694655
2020-09-24,1,1,0.5715157737882756
2020-09-25,1,1,0.5697548813988752
2020-09-28,1,1,0.5637459233858666
2020-09-29,1,1,0.6759595315964422
2020-09-30,1,1,0.6766620931997985
2020-10-01,1,1,0.7015732831595007
2020-10-02,1,1,0.6304041327338017
2020-10-05,1,1,0.6726383167963272
2020-10-06,1,1,0.738233164097237
2020-10-07,1,1,0.6670317418118973
2020-10-08,1,1,0.5085988458099606
2020-10-09,1,1,0.6012249211744319
2020-10-12,1,1,0.6467214225569293
2020-10-13,1,1,0.6582617985959076
2020-10-14,1,1,0.6804159167987186
2020-10-15,1,1,0.6936458418722156
2020-10-16,1,1,0.6633623566083526
2020-10-19,1,1,0.665054090335211
2020-10-20,1,1,0.6507054359277088
2020-10-21,1,1,0.5191256412561023
2020-10-22,1,1,0.5197990919671176
2020-10-23,1,1,0.5558483520350407
2020-10-26,1,1,0.5931301192939353
2020-10-27,1,1,0.6240403248071948
2020-10-28,1,1,0.6944713019513923
2020-10-29,1,1,0.653769982553857
2020-10-30,1,1,0.6142118338596548
2020-11-02,1,1,0.5340231688638121
2020-11-03,1,1,0.5459353714599654
2020-11-04,1,1,0.6530720450821774
2020-11-05,1,1,0.5942443764793357
2020-11-06,1,1,0.6246869737820747
2020-11-09,1,1,0.6786542194712705
2020-11-10,1,1,0.6240659129321446
2020-11-11,1,1,0.6159913371810676
2020-11-12,1,1,0.6286164178021759
2020-11-13,1,1,0.5566755451005502
2020-11-16,1,1,0.5018881822807728
2020-11-17,1,1,0.6147800829176637
2020-11-18,1,1,0.49971522898618886
2020-11-19,1,1,0.5122586170867692
2020-11-20,1,1,0.5125251576608415
2020-11-23,1,1,0.5383583537104794
2020-11-24,1,1,0.6833881616646362
2020-11-25,1,1,0.666565070580967
2020-11-27,1,1,0.6442496275247596
2020-11-30,1,1,0.6618140773409655
2020-12-01,1,1,0.6830918654871024
2020-12-02,1,1,0.5974280812785017
2020-12-03,1,1,0.5361237225180177
2020-12-04,1,1,0.5397829712038793
2020-12-07,1,1,0.6435082656310938
2020-12-08,1,1,0.5659445537227775
2020-12-09,1,1,0.6143627311807586
2020-12-10,1,1,0.5557689127288213
2020-12-11,1,1,0.5619231233823646
2020-12-14,1,1,0.5612379184234915
2020-12-15,1,1,0.5208624915350666
2020-12-16,1,0,0.3674509644213647
2020-12-17,1,0,0.35303296182341826
2020-12-18,1,0,0.3336652625071182
2020-12-21,1,0,0.3736866162593478
2020-12-22,1,0,0.3603245855454204
2020-12-23,1,0,0.37263140752464363
2020-12-24,1,0,0.35418174184366125
2020-12-28,1,0,0.3379227515784968
2020-12-29,1,0,0.3951136557952438
2020-12-30,1,0,0.32977517206350837
2020-12-31,1,0,0.36977803948572974
2021-01-04,1,1,0.5382924075954889
2021-01-05,1,1,0.5047155407113854
2021-01-06,1,1,0.5281770897893774
2021-01-07,1,1,0.541218314848644
2021-01-08,1,1,0.5098343662643431
2021-01-11,1,1,0.5023360336296067
2021-01-12,1,1,0.5482490198779831
2021-01-13,1,1,0.5912069732400396
2021-01-14,1,1,0.5992225236921273
2021-01-15,1,1,0.5190053101265732
2021-01-19,1,1,0.5656623636774292
2021-01-20,1,1,0.5634428034882675
2021-01-21,1,1,0.4616359479376713
2021-01-22,1,1,0.46235577236198255
2021-01-25,1,1,0.46536041759347585
2021-01-26,1,1,0.464232974093619
2021-01-27,1,1,0.4984030390188939
2021-01-28,1,1,0.5702110814744877
2021-01-29,1,1,0.6939436314185283
2021-02-01,1,1,0.7885454750567122
2021-02-02,1,1,0.8126409967500254
2021-02-03,1,1,0.8448662126086647
2021-02-04,1,1,0.8364676210281137
2021-02-05,1,1,0.8035302166211307
2021-02-08,1,1,0.8256280923465795
2021-02-09,1,1,0.8541487335939109
2021-02-10,1,1,0.8348891851400442
2021-02-11,1,1,0.7982952106015896
2021-02-12,1,1,0.8183812489809783
2021-02-16,1,1,0.8146201715461147
2021-02-17,1,1,0.8058963404889655
2021-02-18,1,1,0.7919643278568692
2021-02-19,1,1,0.8555219439859915
2021-02-22,1,1,0.8350611089520906
2021-02-23,1,1,0.7750793194883281
2021-02-24,1,1,0.8004737914383694
2021-02-25,1,1,0.791817409879786
2021-02-26,1,1,0.780282916991941
2021-03-01,1,1,0.7435413378554845
2021-03-02,1,1,0.7370505670463975
2021-03-03,1,1,0.765215395162153
2021-03-04,1,1,0.7614399188476733
2021-03-05,1,1,0.7743495295008193
2021-03-08,1,1,0.7321183082044382
2021-03-09,1,1,0.7191042198463962
2021-03-10,1,1,0.680240139601663
2021-03-11,1,1,0.6291780830550399
2021-03-12,1,1,0.7271028705973022
2021-03-15,1,1,0.6814877929800203
2021-03-16,1,1,0.6085383212668397
2021-03-17,1,1,0.5975602014582979
2021-03-18,1,1,0.7711130488593759
2021-03-19,1,1,0.5846900359476028
2021-03-22,1,1,0.7333993394887036
2021-03-23,1,1,0.6581356011517848
2021-03-24,1,1,0.564859489256346
2021-03-25,1,1,0.6022270681549657
2021-03-26,1,1,0.5711740020872873
2021-03-29,1,1,0.4873891397461473
2021-03-30,1,1,0.5615906987151397
2021-03-31,1,1,0.45822978897862493
2021-04-01,1,1,0.4295740784165912
2021-04-05,1,1,0.5901627509752863
2021-04-06,1,1,0.6036630383392821
2021-04-07,1,1,0.568601362820734
2021-04-08,1,1,0.6683756397413368
2021-04-09,1,1,0.7005277503483291
2021-04-12,1,1,0.748718029494238
2021-04-13,1,1,0.8055986366223319
2021-04-14,1,1,0.8208612760663562
2021-04-15,1,1,0.8504367933753822
2021-04-16,1,1,0.8781252287155035
2021-04-19,1,1,0.8838739996174083
2021-04-20,1,1,0.8875333541129525
2021-04-21,1,1,0.8201655061218552
2021-04-22,1,1,0.8690402237616929
2021-04-23,1,1,0.8629818757182537
2021-04-26,1,1,0.8747567969872114
2021-04-27,1,1,0.8733406154796447
2021-04-28,1,1,0.5015116625448468
2021-04-29,1,1,0.4925959947496461
2021-04-30,1,1,0.4416023706504519
2021-05-03,1,1,0.465261778801398
2021-05-04,1,1,0.4703501343623326
2021-05-05,1,1,0.4608562914877241
2021-05-06,1,1,0.4549115800779245
2021-05-07,1,1,0.4543203440169581
2021-05-10,1,1,0.5434854814184749
2021-05-11,1,1,0.5880490497460161
2021-05-12,1,1,0.5538936221430947
2021-05-13,1,1,0.5832728779067147
2021-05-14,1,1,0.5390423160642394
2021-05-17,1,1,0.5663362566642648
2021-05-18,1,1,0.5747956050658224
2021-05-19,1,1,0.5579308218287737
2021-05-20,1,1,0.5765922866611508
2021-05-21,1,1,0.6703892085248072
2021-05-24,1,1,0.6275789464075812
2021-05-25,1,1,0.6018909104671659
2021-05-26,1,1,0.6317324499537194
2021-05-27,1,1,0.5427894021432423
2021-05-28,1,1,0.5336634906505376
2021-06-01,1,1,0.5105527967114746
2021-06-02,1,1,0.49765249397579564
2021-06-03,1,1,0.45615967379302647
2021-06-04,1,1,0.4236953769426954
2021-06-07,1,0,0.36455738677288446
2021-06-08,1,0,0.3212976408658725
2021-06-09,1,0,0.3076073544223977
2021-06-10,1,0,0.28848838175126706
2021-06-11,1,0,0.29512980193908284
2021-06-14,1,0,0.29949957462660337
2021-06-15,1,0,0.2991369270113155
2021-06-16,1,0,0.2942034188632797
2021-06-17,1,0,0.3142656422783095
2021-06-18,1,0,0.3028960725030357
2021-06-21,1,0,0.30037757784217645
2021-06-22,1,0,0.3248062633183986
2021-06-23,1,0,0.31011059048920736
2021-06-24,1,0,0.3269318214923983
2021-06-25,1,0,0.35089060947486067
2021-06-28,1,0,0.3723948261224226
2021-06-29,1,1,0.39655907278234614
2021-06-30,1,1,0.41558836930892684
2021-07-01,1,1,0.3993920033417738
2021-07-02,1,1,0.4825403307902694
2021-07-06,1,1,0.419894357307274
2021-07-07,1,1,0.43146212037280396
2021-07-08,1,1,0.4828680951502233
2021-07-09,1,1,0.4385527728868146
2021-07-12,1,1,0.44667152638818014
2021-07-13,1,1,0.47360196861951476
2021-07-14,1,1,0.41629950488835177
2021-07-15,1,1,0.41159904362274835
2021-07-16,1,1,0.4148230595841427
2021-07-19,1,1,0.5130888243941035
2021-07-20,1,1,0.49606399175178895
2021-07-21,1,1,0.4383868631444494
2021-07-22,1,1,0.4326819374937261
2021-07-23,1,1,0.45050139132090655
2021-07-26,1,1,0.4763405537866284
2021-07-27,1,1,0.4755499346266783
2021-07-28,1,1,0.42113443170634246
2021-07-29,1,1,0.3982323301669251
2021-07-30,1,1,0.42763574684175915
2021-08-02,1,1,0.4558578428880857
2021-08-03,1,1,0.43066371571595796
2021-08-04,1,1,0.46586505576436577
2021-08-05,1,1,0.44495564584374636
2021-08-06,1,1,0.4344247435604088
2021-08-09,1,1,0.39668834868606023
2021-08-10,1,1,0.41823126321289733
2021-08-11,1,1,0.4748419811718486
2021-08-12,1,1,0.4021052070873257
2021-08-13,1,1,0.37617826682698374
2021-08-16,1,1,0.3779988972899452
2021-08-17,1,1,0.3819694817300902
2021-08-18,1,1,0.39306628310656705
2021-08-19,1,1,0.39537948704463927
2021-08-20,1,1,0.47539855986085194
2021-08-23,1,1,0.5135668431569408
2021-08-24,1,1,0.5030447074516671
2021-08-25,1,1,0.5106207288573323
2021-08-26,1,1,0.4984017232400588
2021-08-27,1,1,0.5098382095971706
2021-08-30,1,1,0.5913741616631883
2021-08-31,1,1,0.6015525603538571
2021-09-01,1,1,0.7122246983455339
2021-09-02,1,1,0.6672605254137708
2021-09-03,1,1,0.7305038024995184
2021-09-07,1,1,0.7524737467440342
2021-09-08,1,1,0.7699793598668452
2021-09-09,1,1,0.7485203749255015
2021-09-10,1,1,0.7404207728546834
2021-09-13,1,1,0.6923420444134079
2021-09-14,0,1,0.7048853532714794
2021-09-15,0,1,0.7236150439588375
2021-09-16,0,1,0.6231517888601457
2021-09-17,0,1,0.6833462769359976
2021-09-20,1,1,0.560548309269881
2021-09-21,1,1,0.5211495215930285
2021-09-22,1,1,0.5622247245749055
2021-09-23,1,1,0.4591415229564541
2021-09-24,1,1,0.45860225396152354
2021-09-27,1,1,0.5435516762584085
2021-09-28,1,1,0.8105535491025568
2021-09-29,1,1,0.7374014475197321
2021-09-30,1,1,0.7237417616703234
2021-10-01,1,1,0.7463729405587977
2021-10-04,1,1,0.7477078586013128
2021-10-05,1,1,0.7846340808860086
2021-10-06,1,1,0.7953035107612688
2021-10-07,1,1,0.8032624794016623
2021-10-08,1,1,0.8925373244456111
2021-10-11,0,1,0.8760168541243022
2021-10-12,0,1,0.8623526006239092
2021-10-13,0,1,0.8513199940705237
2021-10-14,0,1,0.8958328636232541
2021-10-15,0,1,0.6261912000649437
2021-10-18,0,1,0.41981042798773044
2021-10-19,0,1,0.4280512338277024
2021-10-20,0,1,0.4567546045625939
2021-10-21,0,1,0.5323464450168903
2021-10-22,0,1,0.5481555772377896
2021-10-25,0,1,0.5419835818316451
2021-10-26,0,1,0.5499603246829026
2021-10-27,0,1,0.7055310562107698
2021-10-28,0,1,0.7791705806176367
2021-10-29,0,1,0.814218087551236
2021-11-01,0,1,0.7948837448479615
2021-11-02,0,1,0.7891164211013635
2021-11-03,0,1,0.7784784246826629
2021-11-04,0,1,0.7702730638941071
2021-11-05,0,1,0.7537344416939505
2021-11-08,0,1,0.759703577595713
2021-11-09,0,1,0.740205455655131
2021-11-10,0,1,0.6453652626402769
2021-11-11,0,1,0.6496025716890312
2021-11-12,0,1,0.5939405076972334
2021-11-15,0,1,0.5917568288432533
2021-11-16,0,1,0.5560908006457004
2021-11-17,0,1,0.6102576365538309
2021-11-18,0,1,0.6900759997073637
2021-11-19,0,1,0.6755535112021821
2021-11-22,0,1,0.7126845096457138
2021-11-23,0,1,0.7168753871651861
2021-11-24,0,1,0.7265612069060152
2021-11-26,0,1,0.6198533946132695
2021-11-29,0,1,0.6560493719846983
2021-11-30,0,1,0.5596877616472783
2021-12-01,0,1,0.5041740553927092
2021-12-02,0,1,0.4608486471354876
2021-12-03,0,1,0.43394623945898014
2021-12-06,0,1,0.4194307818100193
2021-12-07,0,1,0.41075101056411706
2021-12-08,0,1,0.4359355300077597
2021-12-09,0,1,0.3956950937823776
2021-12-10,0,0,0.36182896964125016
2021-12-13,0,0,0.3746370460026883
2021-12-14,0,1,0.4353883334716786
2021-12-15,0,1,0.3800220457115692
2021-12-16,0,1,0.4143557658173555
2021-12-17,0,1,0.5479788404548346
2021-12-20,0,1,0.6347279116530249
2021-12-21,0,1,0.5902476270888803
2021-12-22,0,1,0.6424816066019157
2021-12-23,0,1,0.5812267104983582
2021-12-27,0,1,0.4214393775537173
2021-12-28,0,1,0.40497474200448563
2021-12-29,0,1,0.43369613162498794
2021-12-30,0,1,0.4335265547907633
2021-12-31,0,1,0.38681253675215643
2022-01-03,0,1,0.39705474876271885
2022-01-04,0,0,0.36397623398056994
2022-01-05,0,1,0.5431258108883138
2022-01-06,0,1,0.5490560530624178
2022-01-07,0,1,0.5299607949403133
2022-01-10,0,1,0.5433511504942944
2022-01-11,0,1,0.557969751532954
2022-01-12,0,1,0.6880429239069171
2022-01-13,0,1,0.6897623357335488
2022-01-14,0,1,0.6857286099655814
2022-01-18,0,1,0.6710560494980414
2022-01-19,0,1,0.6861645599059137
2022-01-20,0,1,0.6875870119769399
2022-01-21,0,1,0.6951470763826413
2022-01-24,0,1,0.5846521485580688
2022-01-25,0,1,0.6934256263531411
2022-01-26,0,1,0.653138900285559
2022-01-27,0,1,0.6479919051677039
2022-01-28,0,1,0.6708744788969199
2022-01-31,0,1,0.5674395502824784
2022-02-01,0,1,0.5468204960132215
2022-02-02,0,1,0.6082866645558292
2022-02-03,0,1,0.6168191917993335
2022-02-04,0,1,0.5559215253633087
2022-02-07,0,1,0.5285280750452352
2022-02-08,0,1,0.4882458424384856
2022-02-09,0,1,0.5291532108367948
2022-02-10,0,1,0.705428849657857
2022-02-11,0,1,0.6244462161221794
2022-02-14,0,1,0.6234170402260953
2022-02-15,0,1,0.5981879898352132
2022-02-16,0,1,0.6330411774954
2022-02-17,0,1,0.559301343429888
2022-02-18,0,1,0.5618618087751615
2022-02-22,0,1,0.6649002553456523
2022-02-23,0,1,0.6386255676163687
2022-02-24,0,1,0.6092287802143326
2022-02-25,0,0,0.26498281584000527
2022-02-28,0,0,0.3688386878681212
2022-03-01,0,1,0.644225496133946
2022-03-02,0,1,0.4797021481160884
2022-03-03,0,1,0.40707672664598843
2022-03-04,0,0,0.30466464513607816
2022-03-07,0,0,0.26950774153197765
2022-03-08,0,0,0.18620402530398
2022-03-09,0,0,0.16520941680729684
2022-03-10,0,0,0.17955448626496315
2022-03-11,0,0,0.1851606892674498
2022-03-14,0,0,0.2388030259356936
2022-03-15,0,0,0.2521310370506079
2022-03-16,0,0,0.2590474090260952
2022-03-17,0,0,0.20599168625780045
2022-03-18,0,0,0.16820573549094836
2022-03-21,0,0,0.17970748600154482
2022-03-22,0,0,0.20372337337136137
2022-03-23,0,0,0.19610998433971275
2022-03-24,0,0,0.2451281410417706
2022-03-25,0,0,0.23440667844731222
2022-03-28,0,0,0.21718500550969355
2022-03-29,0,0,0.21977506985482068
2022-03-30,0,0,0.26282327224493207
2022-03-31,0,0,0.2188804721079946
2022-04-01,0,0,0.22830445886334094
2022-04-04,0,0,0.2931060691069653
2022-04-05,0,0,0.2925354376869515
2022-04-06,0,1,0.3762724862274357
2022-04-07,0,0,0.3686322827209656
2022-04-08,0,0,0.27674423217284966
2022-04-11,1,0,0.23433247567982993
2022-04-12,0,0,0.16055557198027662
2022-04-13,0,0,0.15523683488808324
2022-04-14,0,0,0.16931208207610557
2022-04-18,0,0,0.15732959572912583
2022-04-19,0,0,0.15707689919566067
2022-04-20,0,0,0.16025052234225448
2022-04-21,0,0,0.16189063737381565
2022-04-22,0,0,0.157241352422742
2022-04-25,0,0,0.1575010699842003
2022-04-26,0,0,0.1357081691883225
2022-04-27,0,0,0.1570830117203949
2022-04-28,0,0,0.1657389977777429
2022-04-29,0,0,0.16488859550946192
2022-05-02,0,0,0.19496804737917728
2022-05-03,0,0,0.16905636794735598
2022-05-04,0,0,0.2410220842108118
2022-05-05,0,0,0.19199524359637282
2022-05-06,0,0,0.30705858312724355
2022-05-09,0,0,0.17927576180391644
2022-05-10,0,0,0.20858444621590763
2022-05-11,0,0,0.24915045703420693
2022-05-12,0,0,0.22859231793903045
2022-05-13,0,0,0.19569509827212184
2022-05-16,0,0,0.22325167903434143
2022-05-17,0,0,0.20712969319474359
2022-05-18,0,0,0.16493978473975066
2022-05-19,0,0,0.16414139504408132
2022-05-20,0,0,0.17764430724088398
2022-05-23,0,1,0.3825734304015481
2022-05-24,0,1,0.3510960452674526
2022-05-25,0,0,0.2822624083376453
2022-05-26,0,0,0.24844178783775683
2022-05-27,0,0,0.2710268035252956
2022-05-31,0,0,0.2481117385304714
2022-06-01,0,0,0.24344210029229307
2022-06-02,0,0,0.2426604277184533
2022-06-03,0,0,0.33761522122028353
2022-06-06,0,0,0.27079787383494824
2022-06-07,0,0,0.24064405741658773
2022-06-08,0,0,0.23605176519861715
2022-06-09,0,0,0.23703161278103568
2022-06-10,0,0,0.28968478453237406
2022-06-13,0,0,0.27848030061057344
2022-06-14,0,1,0.36302192100707875
2022-06-15,0,1,0.37105688161344497
2022-06-16,1,1,0.37647607183418463
2022-06-17,0,1,0.3578759513099148
2022-06-21,0,1,0.3526410195265106
2022-06-22,0,1,0.39637508253421105
2022-06-23,0,1,0.40570492922111234
2022-06-24,0,0,0.307476729060369
2022-06-27,0,1,0.3981984959184416
2022-06-28,0,1,0.3680335562896591
2022-06-29,0,0,0.30927554613394875
2022-06-30,0,0,0.31049406840123506
2022-07-01,0,0,0.30512026178356483
2022-07-05,0,0,0.30850263408920064
2022-07-06,0,0,0.3099235504409248
2022-07-07,0,0,0.2616346714831183
2022-07-08,0,1,0.3871762123611889
2022-07-11,0,1,0.3922482170000517
2022-07-12,0,1,0.44460875396586036
2022-07-13,0,1,0.44731051478173495
2022-07-14,0,1,0.5272815745557894
2022-07-15,0,1,0.5263585863731213
2022-07-18,0,1,0.5150341404149571
2022-07-19,0,1,0.5310742194661077
2022-07-20,0,1,0.5220080349312768
2022-07-21,0,1,0.5187403074589618
2022-07-22,0,1,0.4465954587308447
2022-07-25,0,0,0.32081080203645795
2022-07-26,1,0,0.30554284753838484
2022-07-27,0,1,0.3741825469556224
2022-07-28,0,1,0.5661060704649524
2022-07-29,0,1,0.5327058360342071
2022-08-01,0,1,0.5709413093705531
2022-08-02,0,1,0.5754222782212404
2022-08-03,0,1,0.5460683141447067
2022-08-04,0,1,0.4833730344606391
2022-08-05,0,1,0.37393091772711584
2022-08-08,0,1,0.4087399482349224
2022-08-09,0,0,0.3452343228726173
2022-08-10,0,0,0.28639192830382554
2022-08-11,0,0,0.25728126400141094
2022-08-12,0,0,0.23227440532623167
2022-08-15,0,0,0.2294057920631917
2022-08-16,0,0,0.23126600057221078
2022-08-17,0,0,0.23322869497203813
2022-08-18,0,0,0.24990312121230102
2022-08-19,0,0,0.32653178535161326
2022-08-22,0,0,0.3284551987958146
2022-08-23,0,1,0.40708601130337974
2022-08-24,0,1,0.44049572892912575
2022-08-25,0,1,0.4015032030583237
2022-08-26,0,1,0.36075888048607013
2022-08-29,0,1,0.3652402807062224
2022-08-30,0,0,0.237464498266201
2022-08-31,0,1,0.35152891462858443
2022-09-01,0,1,0.42652417880742316
2022-09-02,0,1,0.4827394442124157
2022-09-06,0,1,0.44700401979864857
2022-09-07,0,1,0.409694116176237
2022-09-08,0,1,0.4996048460976482
2022-09-09,0,1,0.4633516857252286
2022-09-12,0,1,0.37750105493011343
2022-09-13,0,1,0.4119504817028087
2022-09-14,0,1,0.42323414728474285
2022-09-15,0,1,0.40752023433938095
2022-09-16,1,1,0.4019883901867581
2022-09-19,1,0,0.29493847361930486
2022-09-20,1,0,0.32885243670822495
2022-09-21,1,0,0.3271105243391589
2022-09-22,1,0,0.29605812705783374
2022-09-23,1,1,0.4056718998951312
2022-09-26,1,1,0.40658459630214
2022-09-27,1,1,0.4999547885417742
2022-09-28,1,1,0.6022817043591716
2022-09-29,1,1,0.6058955660369171
2022-09-30,1,0,0.4322904658652064
2022-10-03,1,1,0.5627228817274758
2022-10-04,1,0,0.33214414995886526
2022-10-05,1,0,0.3380279884667727
2022-10-06,1,0,0.24508404839697517
2022-10-07,1,0,0.25078580466705475
2022-10-10,1,0,0.19767020477926456
2022-10-11,1,0,0.2060038605256361
2022-10-12,1,0,0.19187754546029023
2022-10-13,1,0,0.23990339291055748
2022-10-14,1,0,0.23381016997880744
2022-10-17,1,0,0.23221050434336096
2022-10-18,1,0,0.21404432665243486
2022-10-19,1,0,0.2500935704833344
2022-10-20,1,0,0.2733564579855915
2022-10-21,1,0,0.4163657604935116
2022-10-24,1,1,0.5164119936103188
2022-10-25,1,0,0.33609368301935877
2022-10-26,1,0,0.35227795620604935
2022-10-27,1,0,0.3547633740207568
2022-10-28,1,1,0.47659815362535984
2022-10-31,1,1,0.5504465691629231
2022-11-01,1,1,0.5343578721779295
2022-11-02,1,0,0.46423723549616636
2022-11-03,1,0,0.4713365899503438
2022-11-04,1,1,0.4849519596605022
2022-11-07,1,1,0.5423396130075436
2022-11-08,1,1,0.5684231296876993
2022-11-09,1,1,0.5802678186762614
2022-11-10,1,1,0.49502243145031305
2022-11-11,1,1,0.535178464534227
2022-11-14,1,1,0.5969879635841879
2022-11-15,1,1,0.5970354071833688
2022-11-16,1,1,0.5882509674351468
2022-11-17,1,1,0.6454929515570514
2022-11-18,1,1,0.6455391406353195
2022-11-21,1,1,0.6351499982857209
2022-11-22,1,1,0.6379476150725802
2022-11-23,1,1,0.6326447231883521
2022-11-25,1,1,0.6375405358431904
2022-11-28,1,1,0.6332774704711402
2022-11-29,1,1,0.6519397898276379
2022-11-30,1,1,0.6213235651622618
2022-12-01,1,1,0.608441610305774
2022-12-02,1,1,0.5985367708400062
2022-12-05,1,1,0.5900998735747478
2022-12-06,1,1,0.6331305279347449
2022-12-07,1,1,0.6366041331387643
2022-12-08,1,1,0.6443768908415436
2022-12-09,1,1,0.6050583222433659
2022-12-12,1,1,0.5756413434553628
2022-12-13,1,1,0.5809640914125176
2022-12-14,1,1,0.582652620429298
2022-12-15,1,1,0.5828645045151962
2022-12-16,1,1,0.5817846262145748
2022-12-19,1,1,0.590228861507029
2022-12-20,1,1,0.6353649883644991
2022-12-21,1,1,0.6435112869534332
2022-12-22,1,1,0.6337242519870571
2022-12-23,1,1,0.6091681130841671
2022-12-27,1,1,0.6158214908791304
2022-12-28,1,1,0.5782393733062793
2022-12-29,1,1,0.5784840551086438
2022-12-30,1,1,0.5667064420789633
2023-01-03,1,1,0.5896899570603246
2023-01-04,1,1,0.5002039855696134
2023-01-05,1,0,0.3603144674634732
2023-01-06,1,0,0.45329852061557735
2023-01-09,1,1,0.520759810265009
2023-01-10,1,1,0.5042532960769885
2023-01-11,1,1,0.49990135195553015
2023-01-12,1,1,0.5269689519799057
2023-01-13,1,1,0.5273610238415486
2023-01-17,1,1,0.5570091771886581
2023-01-18,1,1,0.5374527761935989
2023-01-19,1,1,0.5421370362424914
2023-01-20,1,1,0.509991051548952
2023-01-23,1,1,0.5330265764943241
2023-01-24,1,1,0.5415488346585522
2023-01-25,1,1,0.5158937082722124
2023-01-26,1,1,0.5428871338170961
2023-01-27,1,1,0.5497784185592954
2023-01-30,1,1,0.5601133822755167
2023-01-31,1,1,0.5603761405000762
2023-02-01,1,1,0.5642812141658535
2023-02-02,1,1,0.5873062506762056
2023-02-03,1,1,0.5938272235652075
2023-02-06,1,1,0.5873050926355072
2023-02-07,1,1,0.5291294396865924
2023-02-08,1,1,0.4935918658762856
2023-02-09,1,1,0.606745642994974
2023-02-10,1,1,0.6337722265492881
2023-02-13,1,1,0.5681583822836154
2023-02-14,1,1,0.535733640453093
2023-02-15,1,1,0.5611533453335545
2023-02-16,1,1,0.5710536421216453
2023-02-17,1,1,0.5776783561494616
2023-02-21,1,1,0.6242909813030826
2023-02-22,1,1,0.6218338653142245
2023-02-23,1,1,0.6299973764300167
2023-02-24,1,1,0.6318659426091583
2023-02-27,1,1,0.6142284490328414
2023-02-28,1,1,0.5103035539610078
2023-03-01,1,0,0.41851417065825686
2023-03-02,1,0,0.35002432506349757
2023-03-03,1,0,0.41967172055652774
2023-03-06,1,0,0.3571170083610981
2023-03-07,1,0,0.2928386164718891
2023-03-08,1,0,0.18322813440058444
2023-03-09,1,0,0.3361942531304133
2023-03-10,1,0,0.15715707192006875
2023-03-13,1,0,0.22054461576979037
2023-03-14,1,1,0.526474158409413
2023-03-15,1,1,0.5787166919784036
2023-03-16,1,1,0.6403103975503177
2023-03-17,1,1,0.6248416842027366
2023-03-20,1,1,0.6245776395849737
2023-03-21,1,1,0.6185077069424434
2023-03-22,1,1,0.6166648387782497
2023-03-23,1,1,0.5702483450848009
2023-03-24,1,1,0.5557096591576471
2023-03-27,1,1,0.5630998004014919
2023-03-28,1,1,0.5920329418320874
2023-03-29,1,1,0.5820838840183331
2023-03-30,1,1,0.5697687312882547
2023-03-31,1,1,0.561805436724812
2023-04-03,1,1,0.5935196366526627
2023-04-04,1,1,0.5740297164628394
2023-04-05,1,1,0.6334945517172373
2023-04-06,1,1,0.6238306454878412
2023-04-10,1,1,0.6309897404594879
2023-04-11,1,1,0.6330549077671068
2023-04-12,1,1,0.6403399695021088
2023-04-13,1,1,0.6484423810100385
2023-04-14,1,1,0.6525551272248534
2023-04-17,1,1,0.6551373097317355
2023-04-18,1,1,0.6548499313048899
2023-04-19,1,1,0.6516125980366064
2023-04-20,1,1,0.6538411448757341
2023-04-21,1,1,0.6574257982567456
2023-04-24,1,1,0.6545436774893684
2023-04-25,1,1,0.6551275455606185
2023-04-26,1,1,0.620615677465596
2023-04-27,1,1,0.6173438574422688
2023-04-28,1,1,0.6260766002893119
2023-05-01,1,1,0.6296569667234112
2023-05-02,1,1,0.6247059799529464
2023-05-03,1,1,0.6270603647963546
2023-05-04,1,1,0.6464746398451164
2023-05-05,1,1,0.6429554033873146
2023-05-08,1,1,0.6434048223302216
2023-05-09,1,1,0.6389932254407731
2023-05-10,1,1,0.636647018387051
2023-05-11,1,1,0.630906547917498
2023-05-12,1,1,0.6275694152946625
2023-05-15,1,1,0.6048478558756841
2023-05-16,1,1,0.6022916149650266
2023-05-17,0,1,0.600321739037565
2023-05-18,0,1,0.5690647694278234
2023-05-19,0,1,0.571890973511317
2023-05-22,0,1,0.5705322312019929
2023-05-23,1,1,0.5841637205693558
2023-05-24,1,1,0.6306432251317027
2023-05-25,0,1,0.5981926650704709
2023-05-26,0,1,0.6048716913817869
2023-05-30,0,1,0.6114292543535359
2023-05-31,1,1,0.6145595039866134
2023-06-01,0,1,0.6162256118275211
2023-06-02,0,1,0.6150812500139492
2023-06-05,0,1,0.6136140091454069
2023-06-06,0,1,0.6148239758684472
2023-06-07,1,1,0.5740582594338937
2023-06-08,1,1,0.6062624614559234
2023-06-09,1,1,0.6404863654812988
2023-06-12,1,1,0.6238513544440352
2023-06-13,0,1,0.6061736171564519
2023-06-14,0,1,0.5963695341000393
2023-06-15,0,1,0.5482806419158741
2023-06-16,0,1,0.6084371642674427
2023-06-20,0,1,0.6276567411486166
2023-06-21,0,1,0.5962275656243399
2023-06-22,0,1,0.5794695063280102
2023-06-23,1,1,0.5746320678400401
2023-06-26,1,1,0.5790883002068802
2023-06-27,1,1,0.5721647880816044
2023-06-28,1,1,0.5589310802417334
2023-06-29,1,1,0.5828797532667254
2023-06-30,1,1,0.5910030138157711
2023-07-03,1,1,0.5361406002562972
2023-07-05,1,1,0.5786641489930467
2023-07-06,1,1,0.553001703229285
2023-07-07,1,1,0.5590416646577148
2023-07-10,1,1,0.545390476673276
2023-07-11,1,1,0.5547823135265298
2023-07-12,1,1,0.5404480320355481
2023-07-13,1,1,0.5446867088100811
2023-07-14,1,1,0.5079800146832778
2023-07-17,1,1,0.5169659605492846
2023-07-18,1,0,0.48342904091129824
2023-07-19,1,0,0.4881048831071906
2023-07-20,1,1,0.5006882504368182
2023-07-21,1,1,0.5410562202326226
2023-07-24,1,1,0.5235396219032311
2023-07-25,1,0,0.49088203593306906
2023-07-26,1,0,0.4767491510390794
2023-07-27,1,1,0.5868973699514928
2023-07-28,1,1,0.5888268161499323
2023-07-31,1,1,0.5748770640227169
2023-08-01,1,1,0.5578438848226097
2023-08-02,1,1,0.5609842843925321
2023-08-03,1,1,0.5941886298959175
2023-08-04,1,1,0.6031461343558151
2023-08-07,1,1,0.5962888855771371
2023-08-08,1,1,0.6020750522052685
2023-08-09,1,1,0.598309772962232
2023-08-10,1,1,0.5962226687595635
2023-08-11,1,1,0.5982059002850653
2023-08-14,1,1,0.6020039639633946
2023-08-15,1,1,0.6045798155234915
2023-08-16,1,1,0.6070331200191817
2023-08-17,1,1,0.6099342175318377
2023-08-18,1,1,0.6098454233389127
2023-08-21,1,1,0.6075979065893549
2023-08-22,1,1,0.6013052892740138
2023-08-23,1,1,0.6003996902607471
2023-08-24,1,1,0.601114088708192
2023-08-25,1,1,0.6045539825241303
2023-08-28,1,1,0.5902140458244732
2023-08-29,1,1,0.5923554417243375
2023-08-30,1,1,0.5930188097402427
2023-08-31,1,1,0.5868855453088855
2023-09-01,1,1,0.5907758365406971
2023-09-05,1,1,0.5861123401223165
2023-09-06,1,1,0.5663398380472386
2023-09-07,1,1,0.5626034044774093
2023-09-08,1,1,0.594320159213042
2023-09-11,1,1,0.5868136475312532
2023-09-12,1,1,0.58567612800529
2023-09-13,1,1,0.593852375190709
2023-09-14,1,1,0.6039772835549936
2023-09-15,1,1,0.6052986933021167
2023-09-18,1,1,0.6047467098445127
2023-09-19,1,1,0.6062258680116158
2023-09-20,1,1,0.6039942352543737
2023-09-21,1,1,0.6024394384151985
2023-09-22,1,1,0.6083628151327252
2023-09-25,1,1,0.6060893025467454
2023-09-26,1,1,0.6057548650685285
2023-09-27,1,1,0.6070647234135481
2023-09-28,1,1,0.6067754993998501
2023-09-29,1,1,0.6067200621228948
2023-10-02,1,1,0.6011831919661532
2023-10-03,1,1,0.5988601271678305
2023-10-04,1,1,0.5768207706183187
2023-10-05,1,1,0.5864247094987594
2023-10-06,1,0,0.4718562353254542
2023-10-09,1,0,0.427585024419677
2023-10-10,1,1,0.5212541789763432
2023-10-11,1,0,0.30148357171655027
2023-10-12,1,1,0.5358262463881367
2023-10-13,1,1,0.5814800683259546
2023-10-16,1,1,0.5883128368363499
2023-10-17,1,1,0.5804709023821165
2023-10-18,1,1,0.5963848875566083
2023-10-19,1,1,0.5885791032470812
2023-10-20,1,1,0.5839492831898309
2023-10-23,1,1,0.5507379383874308
2023-10-24,1,0,0.3601765109748663
2023-10-25,1,1,0.5270898588618477
2023-10-26,1,1,0.5393565605524903
2023-10-27,1,1,0.5524385614130127
2023-10-30,1,1,0.5637102714491322
2023-10-31,1,1,0.5533760567496302
2023-11-01,1,1,0.5620938562851073
2023-11-02,1,1,0.5461364177655964
2023-11-03,1,1,0.5568609419611725
2023-11-06,1,1,0.5419620634962532
2023-11-07,1,1,0.5188762063411773
2023-11-08,1,1,0.5291321967352877
2023-11-09,1,1,0.5234477988508475
2023-11-10,1,1,0.5546473438692514
2023-11-13,1,1,0.5261425013082122
2023-11-14,1,1,0.5280748712261515
2023-11-15,1,1,0.52534623242912
2023-11-16,1,0,0.4962565681915979
2023-11-17,1,1,0.5036181802594258
2023-11-20,1,1,0.5054336917733327
2023-11-21,1,1,0.5037728846662531
2023-11-22,1,1,0.5012336687620502
2023-11-24,1,0,0.47166328000734453
2023-11-27,1,0,0.4845098919515012
2023-11-28,1,0,0.3881215010726305
2023-11-29,1,0,0.4148714684811236
2023-11-30,1,1,0.5083074552765183
2023-12-01,1,1,0.5271406076655083
2023-12-04,1,1,0.5646605805762603
2023-12-05,1,1,0.5478976113653444
2023-12-06,1,1,0.573809521885876
2023-12-07,1,1,0.5782330003941283
2023-12-08,1,1,0.5744950831315035
2023-12-11,1,1,0.5896163498146376
2023-12-12,1,1,0.5936180321360511
2023-12-13,1,1,0.5940299580161433
2023-12-14,1,1,0.5926032114607188
2023-12-15,1,1,0.5829019161771247
2023-12-18,1,1,0.5822300315122225
2023-12-19,1,1,0.5800293891811045
2023-12-20,1,1,0.5863121953640559
2023-12-21,1,1,0.5795012527918169
2023-12-22,1,1,0.585560892801524
2023-12-26,1,1,0.5743845258478787
2023-12-27,1,1,0.5784156373971873
2023-12-28,1,1,0.5855563567393564
2023-12-29,1,1,0.5862981711456351
2024-01-02,1,1,0.5838783133273134
2024-01-03,1,1,0.5770067447731588
2024-01-04,1,1,0.5626247844380289
2024-01-05,1,1,0.5769083236489113
2024-01-08,1,1,0.5550362030910956
2024-01-09,1,1,0.5563198174524788
2024-01-10,1,1,0.5768173123577558
2024-01-11,1,1,0.5701661869707979
2024-01-12,1,1,0.5663279258749566
2024-01-16,1,1,0.5649938917504934
2024-01-17,1,1,0.5398577466735752
2024-01-18,1,1,0.5384391074441511
2024-01-19,1,1,0.5580070611252044
2024-01-22,1,1,0.5598044206378221
2024-01-23,1,1,0.5648953483110073
2024-01-24,1,1,0.5729533230238603
2024-01-25,1,1,0.5686786179044786
2024-01-26,1,1,0.5681763972713507
2024-01-29,1,1,0.5813325805099032
2024-01-30,1,1,0.577123040563318
2024-01-31,1,1,0.558979973182253
2024-02-01,1,1,0.5525112611617078
2024-02-02,1,1,0.5697054646298917
2024-02-05,1,1,0.5727924633021753
2024-02-06,1,1,0.5826381310593928
2024-02-07,1,1,0.5871178914456354
2024-02-08,1,1,0.5874179535017308
2024-02-09,1,1,0.5852693216293511
2024-02-12,1,1,0.585357250039746
2024-02-13,1,1,0.5827065720356661
2024-02-14,1,1,0.5840178311568259
2024-02-15,1,1,0.5732266343857028
2024-02-16,1,1,0.56809877989416
2024-02-20,1,1,0.5714592565157616
2024-02-21,1,1,0.5822054962607002
2024-02-22,1,1,0.5769192349063171
2024-02-23,1,1,0.5815044121211534
2024-02-26,1,1,0.5841047476315434
2024-02-27,1,1,0.5697000628705063
2024-02-28,1,1,0.5578256862508444
2024-02-29,1,1,0.5572406572449672
2024-03-01,1,1,0.5566968159718368
2024-03-04,1,1,0.5569719870185817
2024-03-05,1,1,0.5685356819685642
2024-03-06,1,1,0.5783114278964557
2024-03-07,1,1,0.5644965629080132
2024-03-08,1,1,0.5993776291439508
2024-03-11,1,1,0.5772430926629754
2024-03-12,1,1,0.6046881337103824
2024-03-13,1,1,0.595089298852624
2024-03-14,1,1,0.5934744681123422
2024-03-15,1,1,0.596514073931934
2024-03-18,1,1,0.5963299685299268
2024-03-19,1,1,0.5914395018125821
2024-03-20,0,1,0.5860106761555841
2024-03-21,0,1,0.5759699129128758
2024-03-22,0,1,0.5749520007497831
2024-03-25,0,1,0.5778059108021204
2024-03-26,0,1,0.5709735074478562
2024-03-27,0,1,0.5422860572847267
2024-03-28,0,0,0.4242276070301985
2024-04-01,0,0,0.494058197435599
2024-04-02,0,0,0.46767708808879255
2024-04-03,0,1,0.5606901732264759
2024-04-04,0,1,0.5529833155296497
2024-04-05,0,1,0.5615298925336837
2024-04-08,0,0,0.4794853618007613
2024-04-09,0,0,0.46311566596829395
2024-04-10,0,0,0.49119478133785993
2024-04-11,0,0,0.4685268408158743
2024-04-12,1,1,0.5444644082633593
2024-04-15,1,1,0.5572242745532908
2024-04-16,1,0,0.41198765709046825
2024-04-17,1,0,0.38787890427053295
2024-04-18,1,0,0.4048410288304091
2024-04-19,1,1,0.566967468146835
2024-04-22,1,1,0.5744947355061404
2024-04-23,1,1,0.5856712647136064
2024-04-24,1,1,0.5849651150562417
2024-04-25,1,1,0.5751039120953234
2024-04-26,1,1,0.5875714618772481
2024-04-29,1,1,0.5811138687831725
2024-04-30,1,1,0.6016942865822861
2024-05-01,1,1,0.5975130806059332
2024-05-02,1,1,0.5906395943273568
2024-05-03,1,0,0.5223612396277401
2024-05-06,1,1,0.5275749209760947
2024-05-07,1,1,0.5548233426824556
2024-05-08,1,1,0.5311735328787625
2024-05-09,1,1,0.5505460833256919
2024-05-10,1,1,0.5318002400576477
2024-05-13,1,0,0.5183670055499766
2024-05-14,1,0,0.11986162538414538
2024-05-15,1,0,0.37133208552564456
2024-05-16,1,0,0.3561633643195845
2024-05-17,1,1,0.5562196383117153
2024-05-20,1,1,0.546638320636877
2024-05-21,1,1,0.5701937105448923
2024-05-22,0,0,0.5249775629387128
2024-05-23,0,0,0.5004447638021441
2024-05-24,0,0,0.4714626275176642
2024-05-28,0,0,0.4973260804824397
2024-05-29,0,0,0.4672422370965287
2024-05-30,1,1,0.6074587383246506
2024-05-31,1,1,0.6071972657985801
2024-06-03,1,1,0.604901906642984
2024-06-04,1,1,0.5725270144052678
2024-06-05,0,1,0.6045344268658479
2024-06-06,0,1,0.5921128835813635
2024-06-07,0,1,0.5876053671742025
2024-06-10,0,1,0.5794841307668599
2024-06-11,0,0,0.4750877932542861
2024-06-12,0,0,0.4831717063939406
2024-06-13,0,0,0.43329531106069896
2024-06-14,0,0,0.45380819250026144
2024-06-17,0,1,0.5337267269244711
2024-06-18,0,1,0.5473428463002187
2024-06-20,0,1,0.5463557217861429
2024-06-21,0,0,0.5094715006229505
2024-06-24,0,0,0.4299989128422123
2024-06-25,0,0,0.37191041648649026
2024-06-26,0,0,0.41002540889873373
2024-06-27,0,0,0.41146071290069947
2024-06-28,0,0,0.35553167786536444
2024-07-01,0,0,0.31029581445837573
2024-07-02,0,0,0.3832382486767637
2024-07-03,0,0,0.41168905154787994
2024-07-05,0,0,0.4369539974673868
2024-07-08,0,0,0.4892253764954582
2024-07-09,0,0,0.47914638650306635
2024-07-10,0,0,0.48754246983055854
2024-07-11,0,0,0.5208710927363281
2024-07-12,0,1,0.5588395001637443
2024-07-15,0,1,0.5549580823540634
2024-07-16,0,1,0.5813913726182035
2024-07-17,0,1,0.5741669050332031
2024-07-18,0,1,0.6005632471944518
2024-07-19,0,1,0.5933018992039618
2024-07-22,0,1,0.5409145865662283
2024-07-23,0,1,0.5516261863580207
2024-07-24,0,1,0.5936985990032422
2024-07-25,1,1,0.6142420705401347
2024-07-26,1,1,0.6015485979338722
2024-07-29,1,1,0.6049306840989055
2024-07-30,1,1,0.5947793635902466
2024-07-31,1,1,0.4919929151299735
2024-08-01,1,0,0.467536761816084
2024-08-02,1,1,0.493613578685855
2024-08-05,1,1,0.5181056204576553
2024-08-06,1,1,0.5180376502844197
2024-08-07,1,1,0.550220341384974
2024-08-08,1,1,0.5213475134532015
2024-08-09,1,0,0.4313232520561217
2024-08-12,1,0,0.40592054174478776
2024-08-13,1,1,0.4987367287234704
2024-08-14,1,0,0.46488406696837725
2024-08-15,1,0,0.37892456333054836
2024-08-16,1,0,0.3860501389573402
2024-08-19,1,0,0.43884720169936436
2024-08-20,1,1,0.5277642629228958
2024-08-21,1,1,0.5420542392791022
2024-08-22,1,1,0.5817634847508261
2024-08-23,1,1,0.5743860119183021
2024-08-26,1,1,0.5750981235654914
2024-08-27,1,1,0.583921513650431
2024-08-28,1,1,0.6153463651402543
2024-08-29,1,1,0.5931402430374273
2024-08-30,1,1,0.6063114871155041
2024-09-03,1,1,0.6069706459264381
2024-09-04,1,1,0.6044125078714434
2024-09-05,1,1,0.5790440741566933
2024-09-06,1,1,0.6115040524677964
2024-09-09,1,1,0.6088196347339987
2024-09-10,1,1,0.5876792531196792
2024-09-11,1,1,0.5520113129050012
2024-09-12,1,1,0.5798644136846726
2024-09-13,1,0,0.3473725312554942
2024-09-16,1,1,0.48017484948246947
2024-09-17,1,1,0.5823973555490122
2024-09-18,1,1,0.5905401594773052
2024-09-19,0,1,0.5980306921267615
2024-09-20,0,1,0.5955718016514038
2024-09-23,0,1,0.6042196179144089
2024-09-24,0,1,0.6115665942547425
2024-09-25,0,1,0.6089264900970742
2024-09-26,0,1,0.6090150489385411
2024-09-27,0,1,0.6084373545267787
2024-09-30,0,1,0.6146508298948955
2024-10-01,0,1,0.6189646573302847
2024-10-02,0,1,0.6159485614097769
2024-10-03,0,1,0.6022308768785334
2024-10-04,0,1,0.5286769828717005
2024-10-07,1,1,0.6048973135207291
2024-10-08,1,1,0.6110125760971834
2024-10-09,1,1,0.6047489349514827
2024-10-10,0,1,0.6073823434450196
2024-10-11,0,1,0.6120327202260195
2024-10-14,0,1,0.6057654454708994
2024-10-15,0,1,0.5465259519344898
2024-10-16,0,1,0.558919939325861
2024-10-17,0,1,0.4946277986469124
2024-10-18,0,1,0.5221047438456226
2024-10-21,0,1,0.5271917803038894
2024-10-22,0,0,0.23917233234461924
2024-10-23,0,0,0.1278989509734125
2024-10-24,0,0,0.15440234227694
2024-10-25,0,0,0.2918502973547595
2024-10-28,0,0,0.2825329415077357
2024-10-29,0,0,0.27549457173233743
2024-10-30,0,1,0.5339285115174857
2024-10-31,0,1,0.5754752348838633
2024-11-01,0,0,0.406878784123533
2024-11-04,0,1,0.5937585341774768
2024-11-05,0,1,0.5785474435533828
2024-11-06,0,1,0.5855009303452312
2024-11-07,0,1,0.5818564059530479
2024-11-08,0,1,0.5616782382100062
2024-11-11,0,1,0.5793107171777349
2024-11-12,0,1,0.5632193839983689
2024-11-13,0,0,0.2081569679109298
2024-11-14,0,0,0.46009473061235606
2024-11-15,0,0,0.4198269280691738
2024-11-18,0,0,0.4279568216518658
2024-11-19,0,1,0.4975845453021857
2024-11-20,0,1,0.6134048400287987
2024-11-21,0,1,0.616104205432339
2024-11-22,0,1,0.5758280145544799
2024-11-25,0,1,0.5797898371006976
2024-11-26,0,0,0.45703155900811815
2024-11-27,0,1,0.5461364411174348
2024-11-29,0,1,0.5744853341816354
2024-12-02,0,1,0.5496625947075177
2024-12-03,0,1,0.5749670642523798
2024-12-04,0,1,0.5719258484128833
2024-12-05,0,1,0.5715105452983884
2024-12-06,0,1,0.5656880069397572
2024-12-09,0,1,0.5590329703390711
2024-12-10,0,0,0.37177435751411814
2024-12-11,0,0,0.384006316392154
2024-12-12,0,0,0.3635497903218721
2024-12-13,0,0,0.4468612320113696
2024-12-16,0,0,0.39417267256837635
2024-12-17,0,0,0.37530874435322886
2024-12-18,0,1,0.5785067582808043
2024-12-19,0,1,0.5920738762042894
2024-12-20,1,1,0.5851721563457447
2024-12-23,0,1,0.5855950147349
2024-12-24,0,1,0.5793204252833374
2024-12-26,1,1,0.580346956072957
2024-12-27,1,1,0.5810461559777915
2024-12-30,1,1,0.5866959225312047
2024-12-31,1,1,0.5839724928457375
2025-01-02,1,1,0.5903226818214213
2025-01-03,1,1,0.5868543362363859
2025-01-06,1,1,0.5874631920736344
2025-01-07,1,1,0.5826665720220099
2025-01-08,1,1,0.5822718406883605
2025-01-10,1,1,0.5784428006950606
2025-01-13,1,1,0.5807136235735412
2025-01-14,1,1,0.588842059895825
2025-01-15,1,1,0.582278669782858
2025-01-16,1,1,0.578842018370345
2025-01-17,1,1,0.5722693881367719
2025-01-21,1,1,0.570581963283285
2025-01-22,1,1,0.5429504435984794
2025-01-23,1,0,0.47122333336196803
2025-01-24,1,1,0.5088853595834929
2025-01-27,1,1,0.5754763563973264
2025-01-28,1,1,0.5791799814727775
2025-01-29,1,1,0.5792859494908115
2025-01-30,1,1,0.5867240568614117
2025-01-31,1,1,0.5726428053112427
2025-02-03,1,1,0.5698889574780226
2025-02-04,1,1,0.5704083029486319
2025-02-05,1,1,0.5686871634935377
2025-02-06,1,1,0.5693108935197763
2025-02-07,1,1,0.5681082637950607
2025-02-10,1,1,0.5692017016584568
2025-02-11,1,1,0.5676883911070988
2025-02-12,1,1,0.5674813021487343
2025-02-13,1,1,0.5723596670098213
2025-02-14,1,1,0.5516666435271114
2025-02-18,1,1,0.5689793349908444
2025-02-19,1,1,0.5577360945430645
2025-02-20,1,1,0.5098297282032299
2025-02-21,1,1,0.5141594208806192
2025-02-24,1,1,0.5623065336795163
2025-02-25,1,1,0.5663877911118662
2025-02-26,1,1,0.5717376573833197
2025-02-27,1,1,0.5446957932497768
2025-02-28,1,1,0.5603154055798149
2025-03-03,1,1,0.5722376232552954
2025-03-04,1,1,0.5765673208893154
2025-03-05,1,1,0.5728930305347768
2025-03-06,1,1,0.5736112016299011
2025-03-07,1,1,0.5728145425760373
2025-03-10,1,1,0.5786010054181934
2025-03-11,1,1,0.5804264066066989
2025-03-12,1,1,0.5781492841584212
2025-03-13,1,1,0.5780814333730933
2025-03-14,1,1,0.5783948865297922
2025-03-17,1,1,0.5529898222584393
2025-03-18,1,1,0.5797164802755128
2025-03-19,1,1,0.5788570253877613
2025-03-20,1,1,0.5828244270047372
2025-03-21,1,1,0.5366814321168313
2025-03-24,1,1,0.5628625350923868
2025-03-25,1,1,0.5302104318700818
2025-03-26,1,1,0.5348989591967908
2025-03-27,1,1,0.5447751367410478
2025-03-28,1,1,0.5872720941844465
2025-03-31,1,1,0.577117293872585
2025-04-01,1,1,0.5835505489953389
2025-04-02,1,1,0.589229435311883
2025-04-03,1,1,0.5797882052555346
2025-04-04,1,1,0.5760245772150204
2025-04-07,1,1,0.566154207085503
2025-04-08,1,1,0.5609519356102711
2025-04-09,1,0,0.37393478320127643
2025-04-10,1,0,0.18780493588307676
2025-04-11,1,0,0.31158976951559053
2025-04-14,1,0,0.38483730280817235
2025-04-15,1,0,0.3778547056765735
2025-04-16,1,0,0.4023583448978184
2025-04-17,1,0,0.48069615856448544
2025-04-21,1,0,0.48241869675043203
2025-04-22,1,0,0.4935215519075218
2025-04-23,1,1,0.5417508804633576
2025-04-24,1,0,0.5025829935177842
2025-04-25,1,0,0.44623527284350895
2025-04-28,1,0,0.38149906809791406
2025-04-29,1,0,0.17452863224443868
2025-04-30,1,0,0.29363871140251907
2025-05-01,1,0,0.3981111676205857
2025-05-02,1,0,0.43531299137721297
2025-05-05,1,0,0.43888967965121645
2025-05-06,1,0,0.4343870736836114
2025-05-07,1,0,0.4251275424540253
2025-05-08,1,0,0.3809426507374297
2025-05-09,1,0,0.3168930374317044
2025-05-12,1,0,0.28663887553103157
2025-05-13,1,0,0.27270531017248234
2025-05-14,1,0,0.28307064571691737
2025-05-15,1,0,0.31963241563835065
2025-05-16,1,0,0.29290684923202753
2025-05-19,1,0,0.4247180430007599
2025-05-20,1,0,0.34655570123410606
2025-05-21,1,0,0.3355170828440379
2025-05-22,1,0,0.4150221115846988
2025-05-23,1,0,0.4330077208810127
2025-05-27,1,0,0.42996863265625784
2025-05-28,1,0,0.4476287494560005
2025-05-29,1,0,0.4611710269528701
2025-05-30,1,0,0.4976316382975117
2025-06-02,1,1,0.5616698200705469
2025-06-03,1,1,0.5627836824066408
2025-06-04,1,1,0.5573590997200637
2025-06-05,1,1,0.5578611110120397
2025-06-06,1,1,0.5623248158293356
2025-06-09,1,1,0.5593386202856817
2025-06-10,1,1,0.5625599518515426
2025-06-11,1,1,0.5636673780808364
2025-06-12,1,1,0.5648284585585611
2025-06-13,1,1,0.5653552749343959
2025-06-16,1,1,0.5651911931455207
2025-06-17,1,1,0.5631078156037422
2025-06-18,1,1,0.5612192476446637
2025-06-20,1,1,0.5564995753017892
2025-06-23,1,1,0.5547095209113344
2025-06-24,1,1,0.5577721999023034
2025-06-25,1,1,0.5570786865033907
2025-06-26,1,1,0.5560304465094614
2025-06-27,1,1,0.5322273365740106
2025-06-30,1,0,0.5171539146025268
2025-07-01,1,1,0.5362775904604266
2025-07-02,1,1,0.5467637609749895
2025-07-03,1,1,0.5511192559210916
2025-07-07,1,1,0.5482389197694952
2025-07-08,1,1,0.5479371011413571
2025-07-09,1,1,0.546730296209772
2025-07-10,1,1,0.5498739799127821
2025-07-11,1,1,0.5622738997415012
2025-07-14,0,1,0.5532206756473742
2025-07-15,0,1,0.5526415862468959
2025-07-16,0,1,0.5581427538518589
2025-07-17,0,1,0.557904622405618
2025-07-18,0,0,0.5199792749807018
2025-07-21,0,1,0.5284768489060218
2025-07-22,0,1,0.535412896431899
2025-07-23,0,1,0.5340234190123093
2025-07-24,0,0,0.5247411756802646
2025-07-25,0,0,0.4712101563957896
2025-07-28,0,0,0.4943340227080828
2025-07-29,0,0,0.467009443013508
2025-07-30,0,0,0.45939534728711917
2025-07-31,0,0,0.4232822011907422
2025-08-01,0,0,0.37350999365095566
2025-08-04,0,0,0.42986258918419834
2025-08-05,0,0,0.46703945285604603
2025-08-06,0,0,0.46715808676472403
2025-08-07,0,0,0.49349852155122037
2025-08-08,0,0,0.48251466122261466
2025-08-11,0,0,0.44341567284639366
2025-08-12,0,0,0.3922713151340453
2025-08-13,0,0,0.5123336685772125
2025-08-14,0,0,0.4465941407581578
2025-08-15,0,1,0.5208235298390963
2025-08-18,0,1,0.5283939652194551
2025-08-19,0,1,0.5299825122750196
2025-08-20,0,1,0.5314521975207477
2025-08-21,0,1,0.5389932785556408
2025-08-22,0,0,0.48068099222148886
2025-08-25,0,0,0.445930280303861
2025-08-26,0,0,0.4455298963509014
2025-08-27,0,1,0.5262069131306579
2025-08-28,0,1,0.543840422582431
2025-08-29,0,1,0.5673590447823992
2025-09-02,0,1,0.5928473867582691
2025-09-03,0,1,0.5439903127881093
2025-09-04,0,1,0.5483365638158303
2025-09-05,0,1,0.5567230409634897
2025-09-08,0,1,0.5623833877313574
2025-09-09,0,1,0.5774564982357274
2025-09-10,0,1,0.5700754709267487
2025-09-11,0,1,0.5722680935945758
2025-09-12,0,1,0.511026259325748
2025-09-15,0,0,0.4717848661556712
2025-09-16,0,1,0.535862627006749
2025-09-17,0,1,0.5212501039049605
2025-09-18,0,0,0.4795888029316777
2025-09-19,0,0,0.4280273933481363
2025-09-22,0,0,0.4027640116906221
2025-09-23,0,0,0.4244685075562687
2025-09-24,0,0,0.4022527123329773
2025-09-25,0,1,0.5437944836785755
2025-09-26,0,1,0.5626354125073237
2025-09-29,0,1,0.5548700930498626
2025-09-30,0,1,0.5353873238703031
2025-10-01,0,1,0.5521257845585371
2025-10-02,0,1,0.5639913273903979
2025-10-03,0,1,0.5575899158817226
2025-10-06,0,1,0.5486565274910786
2025-10-07,0,1,0.5442464947316253
2025-10-08,0,1,0.5430486653546307
2025-10-09,0,1,0.5433433847697471
2025-10-10,0,1,0.5568529345415597
2025-10-13,0,1,0.5543772472344308
2025-10-14,0,1,0.5531747829312024
2025-10-15,0,1,0.563806740394911
2025-10-16,0,1,0.5561229656311717
2025-10-17,0,1,0.5494182090957881
2025-10-20,0,1,0.5556037922371073
2025-10-21,0,1,0.5553683781775628
2025-10-22,0,1,0.5517538005952305
2025-10-23,0,1,0.5480761264923911
2025-10-24,0,1,0.5517143527009751
2025-10-27,0,1,0.5391585894778381
2025-10-28,0,1,0.5352842425559176
2025-10-29,0,1,0.5407222184731321
2025-10-30,0,1,0.5499497303269342
2025-10-31,0,1,0.5556862609146297
2025-11-03,0,1,0.5603382610376932
2025-11-04,0,1,0.5601750591853661
2025-11-05,0,1,0.5602279582725873
2025-11-06,0,1,0.5529869780026854
2025-11-07,0,1,0.5508522231043627
2025-11-10,0,1,0.5503136256451726
2025-11-11,0,1,0.5488939111620765
2025-11-12,0,1,0.545925879096816
2025-11-13,0,1,0.5471650146636794
2025-11-14,0,1,0.5531114852730785
2025-11-17,0,1,0.5547248230460728
2025-11-18,0,1,0.5497717556966468
2025-11-19,0,1,0.5522271988344161
2025-11-20,0,1,0.5233765897613568
2025-11-21,0,1,0.5233879778939498
2025-11-24,0,1,0.5267004869458201
2025-11-25,0,1,0.5311869908210177
2025-11-26,0,1,0.5285427614507131
2025-11-28,0,1,0.5348507063521764
2025-12-01,0,1,0.5326113601521626
2025-12-02,0,1,0.5582507299279056
2025-12-03,0,1,0.5491339986990208
2025-12-04,0,0,0.4461059581375531
2025-12-05,0,1,0.5000236803761915
2025-12-08,0,0,0.499563657233398
2025-12-09,0,1,0.505865163472498
2025-12-10,0,1,0.5034222149702521
2025-12-11,0,1,0.5617994384520103
2025-12-12,0,1,0.5494255617596862
2025-12-15,0,1,0.5394628528719696
2025-12-16,0,1,0.551446951760779
2025-12-17,0,1,0.5599801114329612
2025-12-18,0,1,0.5324389839293444
2025-12-19,0,1,0.573930043652015
2025-12-22,0,1,0.5696831473499407
2025-12-23,0,1,0.5480976282950697
2025-12-24,0,1,0.5528739783993872
